同安_禹洲大学城,760.9,49
集美_国贸商城同悦,164.0,10
湖里_中环花园,126.2,3
湖里_吕岭路,104.89999999999999,2
思明_龙盛里,104.5,3
海沧_海晟维多利亚,103.49999999999999,16
思明_龙山山庄,91.2,3
湖里_国贸润园,88.89999999999999,7
湖里_东渡华城,81.1,2
海沧_彼岸,81.0,4
海沧_未来海岸蓝月湾二期,79.0,9
湖里_永建顶尚,78.0,8
海沧_水务宿舍,67.79999999999998,2
集美_龙湖春江郦城一期,65.6,11
翔安_世茂国风揽星,64.99999999999999,2
海沧_未来海岸鹭景湾,64.6,3
翔安_阳光城翡丽湾二期,62.4,19
思明_仙岳东村,61.8,3
思明_阳光百合,59.699999999999996,3
思明_瑞景新村寿鹤苑,58.699999999999996,2
集美_联发杏林湾一号三期,57.89999999999999,11
集美_海上五月花一期,57.89999999999999,11
湖里_振华大厦,56.699999999999996,7
思明_华星大厦,56.199999999999996,3
湖里_建发央玺,54.8,3
思明_福满山庄,53.7,4
思明_云海山庄,52.8,1
湖里_世茂湖滨首府D区,51.49999999999999,6
思明_轮船宿舍,50.699999999999996,1
集美_禹洲中央海岸二期,49.9,10
集美_水晶湖郡A区,46.49999999999999,8
海沧_天成广场,45.099999999999994,1
集美_中航城国际社区C区,43.099999999999994,6
海沧_绿苑小区二期,42.3,1
海沧_厦门院子泰禾首玺B区,41.5,10
集美_橡树湾四期,40.0,5
湖里_新丰家园,39.8,2
翔安_汇景新城中心,38.89999999999999,6
集美_万科金域华府二期,37.8,14
翔安_美地雅登祥吴三里,36.599999999999994,3
海沧_绿苑新城三组团,36.4,7
翔安_锦绣祥安,35.8,19
集美_泉水湾一期,35.39999999999999,6
思明_育秀中心,34.8,4
湖里_国贸蓝海,34.49999999999999,3
思明_岳阳西里,34.3,7
海沧_未来海岸蓝月湾一期,33.699999999999996,5
海沧_水岸名筑,32.8,9
海沧_海投第一湾,32.699999999999996,4
湖里_中央美地,32.599999999999994,6
翔安_巷西一里,31.799999999999997,1
同安_中海万锦熙岸,31.5,7
翔安_龙郡青年城,31.099999999999998,1
思明_鸿山大厦,31.099999999999998,1
集美_龙湖春江郦城二期,30.8,7
集美_集美区侨英路,29.7,1
湖里_金尚小区,28.499999999999996,18
翔安_东城合院,28.4,6
湖里_太微花园,28.299999999999997,8
翔安_世茂御海墅,27.5,10
集美_中航城A区,27.4,5
湖里_都市华庭,27.2,2
思明_鼓浪屿内厝澳路,27.2,2
集美_国贸天悦,26.599999999999998,14
思明_侨福城侨福里,26.2,1
思明_瑞景苑,26.199999999999996,8
湖里_第二城快乐天地,26.099999999999998,3
翔安_首开领翔国际,25.9,14
翔安_世茂国风明月,25.5,1
集美_恒大帝景,25.2,7
海沧_天湖城,24.999999999999996,18
海沧_京口岩小区,24.699999999999996,3
思明_莲前西路,24.299999999999997,4
湖里_新景七星府邸,24.2,6
海沧_泉舜滨海上城,24.099999999999998,8
湖里_都市港湾,23.9,5
海沧_融信海上城,23.9,26
集美_中交和美新城一期,23.299999999999997,3
集美_禹洲中央海岸一期,23.099999999999998,14
海沧_海沧生活区一小区,23.0,2
思明_南湖中祥大厦,23.0,2
思明_瑞景公园,23.0,2
海沧_万科城一期,22.4,7
翔安_美地雅登祥吴五里,22.2,4
湖里_小城故事禹洲新城一期,21.6,2
集美_园博1号一期,21.6,2
海沧_泰地海西中心,21.5,11
湖里_国际邮轮城,21.3,1
集美_莲花首岸,21.299999999999997,8
集美_住宅·水晶湖郡,20.8,11
湖里_江浦南里,20.799999999999997,4
湖里_东渡三航小区,20.599999999999998,1
湖里_碧湖嘉园,20.499999999999996,3
集美_莲花新城二期,20.4,5
海沧_大金门花园,20.2,9
思明_天伦花园,20.0,6
思明_金鸡亭小区西区,19.499999999999996,9
湖里_新景国际外滩,19.4,11
思明_嘉盛豪园南区,19.4,4
思明_源通中心,19.199999999999996,8
思明_海豚湾,18.9,7
集美_天鹅美苑,18.8,2
湖里_国际邮轮城二期,18.7,4
思明_宝龙中心二期,18.599999999999998,6
思明_鼓浪屿别墅,18.5,1
湖里_特房五缘尊府,18.5,1
思明_金榜铁路家园,18.1,2
湖里_吕岭花园,17.999999999999996,4
思明_阳光花园,17.699999999999996,3
思明_大洲新世纪广场,17.599999999999998,5
思明_东岳路45-55号,17.099999999999998,1
翔安_首开领翔上郡二期,16.9,5
思明_万科金域蓝湾一期,16.7,9
思明_银河大厦,16.599999999999998,4
集美_古龙明珠,16.599999999999998,4
海沧_首开龙湖春江彼岸一期,16.5,6
湖里_金秋花园,16.4,8
集美_万科广场幸福里,16.299999999999997,10
思明_海峡国际天璟,16.2,5
同安_保利叁仟栋一期,16.1,7
湖里_欣家园,15.899999999999999,4
湖里_古龙公寓,15.899999999999999,4
思明_艺盛花园,15.7,1
湖里_建发中央天成,15.299999999999999,2
思明_金林花园,15.0,1
海沧_海上明珠家园,15.0,1
集美_集美中心花园,15.0,15
思明_万科金域蓝湾二期,14.799999999999999,5
湖里_湖边花园A区,14.799999999999999,5
思明_文屏大厦,14.6,2
思明_海城花园,14.3,1
翔安_信洲大厦,14.3,1
集美_世茂璀璨天城一期,14.299999999999999,8
湖里_港吉大厦,14.2,3
集美_海上五月花三期,14.1,5
集美_莲花新城三期,13.8,11
集美_住宅莲花国际,13.799999999999999,4
思明_思明南路,13.6,1
湖里_新港龙世家幸福密码,13.5,3
集美_古龙御景一期北区,13.399999999999999,5
集美_招商海德公馆二期,13.2,2
思明_联丰商城,13.099999999999998,4
思明_美迪斯小区,13.099999999999998,4
湖里_建邦大厦,13.099999999999998,4
海沧_未来橙堡,12.799999999999999,24
海沧_天心岛,12.6,7
思明_屿后南里,12.6,7
湖里_融景湾,12.499999999999998,2
思明_金象嘉园,12.499999999999998,2
集美_中央公园城,12.499999999999998,2
思明_前埔南小区一区,12.399999999999999,4
海沧_海银大厦,12.299999999999999,13
湖里_江头工商局宿舍,12.2,1
湖里_永同昌假日国际公寓,12.1,3
海沧_龙湖春江彼岸二期,12.0,5
同安_彩虹湾,11.899999999999999,7
湖里_源昌鑫海湾,11.799999999999999,9
思明_森海丽景,11.799999999999999,2
思明_厦罐宿舍,11.799999999999999,2
集美_华铃花园,11.299999999999999,5
翔安_阳光城翡丽湾一期,11.0,11
思明_湖北大厦,10.999999999999998,4
思明_共和大厦,10.999999999999998,4
集美_招商海德公园一期,10.899999999999999,6
海沧_信发楼,10.7,3
集美_新城际广场二期,10.2,6
海沧_未来海岸浪琴湾,10.2,6
湖里_科瑞大厦,10.1,1
集美_杏糖生活片区,10.1,1
思明_前景城花园,10.1,1
集美_莲花新城一期,10.1,1
湖里_华永天地,10.0,3
湖里_梅阳花园,10.0,3
湖里_万达广场,9.899999999999999,5
集美_中海寰宇天下,9.799999999999999,7
思明_仙阁里花园,9.7,2
集美_万科云城,9.7,2
思明_建群花园,9.599999999999998,4
思明_卧龙晓城,9.599999999999998,4
湖里_高林居住区一里,9.599999999999998,4
海沧_中骏蓝湾半岛,9.5,6
翔安_中骏蓝湾尚都,9.4,8
海沧_海景奥斯卡,9.4,1
思明_云景花园,9.4,1
集美_IOI园博湾,9.4,8
同安_保利叁仟栋二期,9.4,8
思明_文屏山庄,9.299999999999999,3
湖里_联发新天地,9.299999999999999,3
集美_IOI棕榈城,9.2,5
思明_时尚国际,9.2,5
思明_长升大厦,9.2,5
翔安_美地雅登祥吴六里,9.1,7
湖里_东晖广场,9.1,7
翔安_菁英公馆,8.999999999999998,2
湖里_海山路,8.999999999999998,2
湖里_金北花园,8.999999999999998,2
同安_金帝中洲滨海城,8.899999999999999,11
思明_云顶至尊,8.899999999999999,4
海沧_禹洲华侨金海岸,8.899999999999999,4
思明_天宝大厦,8.8,6
思明_莲坂西小区,8.8,6
湖里_新景缘,8.7,1
思明_海峡国际社区一期,8.7,1
翔安_首开领翔上郡一期,8.6,3
湖里_温莎公馆,8.6,3
集美_世茂璀璨天城二期,8.6,10
海沧_融侨观邸,8.5,5
海沧_西雅图,8.5,12
湖里_天宇花园南区,8.5,5
思明_长青北里小区,8.5,5
湖里_禹洲棕榈城二期,8.299999999999999,2
海沧_海投青春海岸,8.299999999999999,2
思明_阳台山路,8.2,4
集美_莲花尚院,8.1,6
思明_万寿阁,7.999999999999999,1
湖里_金山国际,7.999999999999999,1
思明_源盛花园,7.9,3
湖里_大唐五缘yoho,7.6,2
思明_大正大厦,7.6,2
思明_富山花园,7.6,2
湖里_华林金盛花园,7.5,4
思明_侨建花园 ,7.5,4
思明_官邸大厦,7.3999999999999995,6
湖里_金枋世家一期,7.3,1
同安_白鹭郡,7.3,1
湖里_黄金大厦,7.3,1
湖里_源昌大厦,7.199999999999999,3
同安_恒亿尚品湾（1/2/5/6期）,7.199999999999999,3
思明_定安小区,7.199999999999999,3
湖里_和通新村,6.8999999999999995,2
思明_九竹巷,6.8999999999999995,2
集美_凤凰花城,6.8999999999999995,2
思明_玉亭里,6.8999999999999995,2
湖里_康乐新村一期东区,6.8999999999999995,2
思明_上东美地,6.8999999999999995,2
湖里_新景天湖广场,6.8,4
集美_橡树湾三期,6.8,4
海沧_万科城四期,6.699999999999999,6
海沧_金城湾花园,6.699999999999999,6
思明_思明东路,6.6,1
思明_华鸿花园,6.6,1
思明_屿后里小区一区,6.6,1
思明_龙门世家,6.6,1
集美_天安路,6.6,1
思明_岭兜小区中区,6.6,1
思明_明发海景苑,6.5,3
海沧_禹洲尊海,6.5,3
海沧_广场湖畔花园,6.5,3
湖里_中福城,6.3999999999999995,5
湖里_榕海花园,6.3999999999999995,5
海沧_鑫茂花园,6.3999999999999995,5
思明_罗宾森购物广场二期,6.299999999999999,7
集美_园博1号二期,6.199999999999999,2
海沧_加州海岸,6.199999999999999,2
海沧_文圃花园,6.199999999999999,2
思明_龙辉花园,6.199999999999999,2
思明_怡富花园西区,6.199999999999999,2
思明_惠祥花园,6.199999999999999,2
集美_古龙御景二期,6.1,4
海沧_金龙商城二期,6.1,4
思明_山木清华,5.999999999999999,6
集美_联发杏林湾一号二期,5.999999999999999,6
湖里_国贸天琴湾二期,5.8999999999999995,1
湖里_欣华花园,5.8999999999999995,1
思明_牡丹园,5.8999999999999995,1
湖里_双狮山路,5.8999999999999995,1
海沧_海湾锦园,5.8999999999999995,1
湖里_东海山庄,5.8999999999999995,1
思明_海韵北区,5.8999999999999995,1
海沧_未来海岸蓝水郡,5.8,10
思明_侨福城侨文里,5.799999999999999,3
思明_国际文化大厦,5.699999999999999,5
思明_禾丰新景,5.699999999999999,5
海沧_长欣花园,5.6,7
海沧_1号公馆,5.499999999999999,2
思明_文园公寓二期,5.499999999999999,2
思明_联丰商城二期,5.499999999999999,2
海沧_海福广场小区,5.499999999999999,2
思明_瓷厂宿舍,5.499999999999999,2
翔安_禹洲卢卡小镇,5.499999999999999,2
思明_湖滨东路,5.3999999999999995,4
思明_江山帝景,5.3999999999999995,4
思明_石亭小区,5.3999999999999995,4
海沧_海投尚书房,5.3999999999999995,4
集美_泉水湾二期,5.3,6
集美_滨水二里,5.3,6
集美_莲花国际B区,5.199999999999999,1
思明_龙盛花园,5.199999999999999,1
思明_南湖明珠,5.199999999999999,1
思明_前埔南区文兴东二里,5.199999999999999,1
思明_龙凤园小区,5.199999999999999,1
海沧_万科城二期,5.199999999999999,1
思明_信和银湖天峰,5.1,3
湖里_禹洲新村,5.1,3
翔安_东方新城二期,5.1,3
集美_阳光城文澜府,5.0,5
海沧_绿苑新城一组团,5.0,5
思明_前埔北区一里,5.0,5
湖里_鑫新景地大厦,4.799999999999999,2
集美_集安广场,4.799999999999999,2
湖里_大唐世家二期,4.799999999999999,2
思明_联丰新城,4.799999999999999,2
海沧_旭日海湾三期,4.799999999999999,2
翔安_建发翔城国际北区,4.799999999999999,2
思明_涵光路,4.799999999999999,2
翔安_特房莱昂公馆一期,4.799999999999999,2
集美_中交国贸鹭原,4.7,4
集美_金海湾,4.6,6
思明_禹洲世贸商城思明,4.6,6
思明_莲岳里小区西区,4.6,6
思明_源昌君悦山思明,4.5,8
海沧_未来海岸碧海湾,4.499999999999999,1
思明_龙景台,4.499999999999999,1
集美_昌顺公寓,4.499999999999999,1
思明_锦绣广场,4.499999999999999,1
思明_仙岳山庄,4.499999999999999,1
海沧_新华园,4.499999999999999,1
思明_东浦花园,4.499999999999999,1
湖里_新湖花园,4.499999999999999,1
湖里_怡景花园,4.499999999999999,1
湖里_特房山水新座,4.4,3
思明_龙华里,4.4,3
湖里_赣商海领馆,4.4,3
湖里_宝龙一城,4.4,3
思明_家家海景,4.4,3
集美_中海锦城国际,4.4,3
湖里_永升彩虹花园,4.3,5
集美_联发杏林湾一号一期,4.3,5
海沧_海投天源,4.199999999999999,7
思明_福津大街（凤屿路450-468号）,4.1,2
翔安_首开领翔上郡三期,4.1,2
思明_洪山柄南区,4.1,2
思明_宝福大厦,4.1,2
思明_港龙新城,4.1,2
湖里_艾德花园一期,4.1,2
思明_文灶地铁社区一期,4.1,2
湖里_禹洲城上城,4.1,2
思明_槟榔东里单号区,4.1,2
海沧_马銮湾1号,4.1,2
湖里_泰和花园,4.0,4
海沧_汇景雅苑,4.0,4
湖里_建发玺樾,4.0,4
思明_米兰春天,3.8999999999999995,6
翔安_万科金色悦城,3.8999999999999995,6
集美_泉水湾SOHO,3.8,1
思明_盐溪街,3.8,1
思明_弘龙商业城,3.8,1
思明_仙岳嘉园,3.8,1
思明_华林东盛花园一期,3.8,1
湖里_万科中心云玺,3.8,1
湖里_海俱宿舍区,3.8,1
翔安_世茂国风宸曦,3.8,1
海沧_福裕花园,3.8,1
湖里_国际山庄,3.8,1
思明_元利花园东区,3.8,1
思明_中建大厦,3.8,1
湖里_信源大厦,3.8,1
湖里_第二城幸福生活,3.8,1
思明_思东商厦,3.8,1
思明_莲花大厦,3.8,1
海沧_海投白鹭湾,3.8,1
思明_绿家园,3.6999999999999997,3
思明_华尔顿1275,3.6999999999999997,3
思明_松柏湖花园,3.6999999999999997,3
思明_富山花园紫荆苑,3.6999999999999997,3
海沧_宏大花园,3.6999999999999997,3
海沧_碧水芳庭,3.6999999999999997,3
同安_海上五月花五期,3.5999999999999996,5
湖里_世茂湖滨首府C区,3.4,2
思明_曾厝垵西里,3.4,2
湖里_高林居住区三里,3.4,2
思明_机关宿舍小区,3.4,2
湖里_国贸天琴湾一期,3.4,2
思明_东坪花园一期,3.4,2
湖里_新景龙郡,3.4,2
集美_橡树湾,3.4,2
翔安_明发半岛祥湾A区,3.4,2
集美_夏商大学康城一期,3.4,2
湖里_联发欣悦园,3.3,4
海沧_绿苑新城二组团,3.3,4
海沧_天御小区,3.3,4
思明_槟榔花园,3.0999999999999996,1
思明_绿杨村,3.0999999999999996,1
思明_瑞景新村宾鸿苑,3.0999999999999996,1
集美_马銮公寓,3.0999999999999996,1
集美_万佳公寓,3.0999999999999996,1
思明_滨海湾花园,3.0999999999999996,1
思明_怡富花园东区,3.0999999999999996,1
思明_海曦,3.0999999999999996,1
思明_美仁新村北区,3.0999999999999996,1
思明_鑫塔水尚,3.0999999999999996,1
集美_水晶湖郡C区,3.0999999999999996,1
思明_通仕达小区,3.0999999999999996,1
湖里_新景园,2.9999999999999996,3
湖里_特房山水尚座,2.9999999999999996,3
思明_金辉园,2.9999999999999996,3
集美_丰融尚城,2.9999999999999996,3
思明_坂尾路,2.9999999999999996,3
思明_槟东公寓,2.9999999999999996,3
思明_云亭花园,2.9999999999999996,3
思明_宝龙中心一期,2.9999999999999996,3
思明_富城花园,2.9999999999999996,3
海沧_东方高尔夫国际公寓,2.9,5
思明_莲岳里小区东区,2.9,5
思明_新港龙花园,2.6999999999999997,2
湖里_永升新城,2.6999999999999997,2
思明_泛华大厦,2.6999999999999997,2
翔安_中澳城,2.6999999999999997,2
湖里_中铁元湾,2.6999999999999997,2
湖里_金尚首府,2.6999999999999997,2
海沧_银都花园,2.6999999999999997,2
集美_新景舜弘天籁,2.6999999999999997,2
思明_侨福城侨龙里,2.6999999999999997,2
集美_后溪花园,2.6999999999999997,2
翔安_明发半岛祥湾B区,2.6999999999999997,2
思明_建达花园,2.6999999999999997,2
思明_白鹤山路,2.6999999999999997,2
思明_益城广场,2.6999999999999997,2
湖里_禹洲香槟城,2.6999999999999997,2
湖里_水晶森林一期,2.6999999999999997,2
思明_玉滨城一期,2.6999999999999997,2
思明_盈翠里,2.6999999999999997,2
海沧_厦门院子泰禾首玺A区,2.6999999999999997,2
思明_美湖花园,2.6999999999999997,2
海沧_兴港花园三期,2.6999999999999997,2
海沧_海投自贸城,2.5999999999999996,4
湖里_祥店新村,2.5999999999999996,4
海沧_华玺,2.5999999999999996,4
思明_建发花园,2.5999999999999996,4
湖里_桃源大厦,2.5999999999999996,4
集美_建发央著二期,2.4,8
同安_银华新村,2.3999999999999995,1
海沧_东方名园,2.3999999999999995,1
湖里_水晶森林二期,2.3999999999999995,1
思明_裕康花园,2.3999999999999995,1
思明_阳台佳苑,2.3999999999999995,1
思明_鑫利花园,2.3999999999999995,1
思明_华林绿景花园,2.3999999999999995,1
思明_鹭腾花园,2.3999999999999995,1
思明_前埔南区文兴东一里,2.3999999999999995,1
翔安_宝嘉誉园,2.3999999999999995,1
湖里_太微山庄,2.3999999999999995,1
集美_中粮云玺壹号,2.3999999999999995,1
海沧_富祥苑,2.3999999999999995,1
思明_城市花园,2.3999999999999995,1
思明_温馨家园,2.3999999999999995,1
同安_保利叁仟栋壹海里地块二,2.3999999999999995,1
湖里_南山新村一期,2.3999999999999995,1
集美_中梁正荣府,2.3999999999999995,1
思明_凯旋广场,2.3,3
思明_银龙广场二期,2.3,3
思明_槟榔西里(单号),2.3,3
思明_老虎城,2.3,3
思明_明发花园一期,2.3,3
湖里_金彩花苑,2.3,3
海沧_海投第一湾二期湖海庄园,2.3,3
集美_莲花国际A区,2.3,3
思明_紫荆园,2.3,3
思明_音乐家生活广场,2.3,3
集美_建发央著一期,2.3,3
思明_摩登时代,2.3,3
湖里_凯悦新城,2.2,5
翔安_特房银溪墅府图尔花园,2.1,7
湖里_国联大厦,2.0,2
思明_聚泰商业城,2.0,2
湖里_特房山水杰座,2.0,2
翔安_特房银溪墅府温尼花园,2.0,2
思明_假日花园,2.0,2
同安_保利叁仟栋壹海里地块一,2.0,2
思明_海晟棕蓝海,2.0,2
思明_电化宿舍,2.0,2
湖里_水晶APPLE,2.0,2
海沧_湖景华庭,2.0,2
思明_富山花园罗马假日,2.0,2
思明_莲富大厦,2.0,2
湖里_中港花园,2.0,2
海沧_富佳苑,2.0,2
翔安_前海湾,2.0,2
思明_莲滨里,2.0,2
思明_嘉华大厦,2.0,2
海沧_万科城三期,2.0,2
海沧_招商1872,2.0,2
海沧_绿苑小区一期,2.0,2
湖里_金龙大厦,2.0,2
海沧_东坑安居房,1.9,4
同安_国贸金沙湾,1.7999999999999998,6
翔安_美地雅登祥吴二里,1.7999999999999998,6
翔安_特房莱昂公馆二期,1.7,1
海沧_腾龙商厦,1.7,1
湖里_康乐新村二期,1.7,1
同安_禹洲香溪里6#地块,1.7,1
思明_国贸怡祥大厦,1.7,1
思明_兴华路,1.7,1
翔安_下苏巷,1.7,1
思明_大埕巷,1.7,1
思明_育青路,1.7,1
集美_宁宝社区,1.7,1
海沧_银河花园,1.7,1
湖里_建发中央湾区soho,1.7,1
思明_文图花园,1.7,1
思明_瑞景新村蟠龙苑,1.7,1
思明_鑫龙大厦,1.7,1
思明_浦南新村,1.7,1
思明_广播电台综合楼,1.7,1
思明_南田巷,1.7,1
思明_祥云公寓,1.7,1
湖里_金岭花园,1.7,1
湖里_新景天湖广场2期,1.7,1
思明_华林花园三期,1.7,1
湖里_金鼎巷,1.7,1
思明_玫瑰园,1.7,1
思明_皓晖花园,1.7,1
集美_莲花首岸和院,1.7,1
思明_万禾花园,1.7,1
思明_东坪花园二期,1.7,1
思明_玉滨城二期,1.7,1
思明_屿后北里,1.7,1
湖里_中央湾区琥珀湾,1.7,1
翔安_特房银溪墅府梅斯花园,1.7,1
思明_金同花园,1.7,1
思明_信和中央广场,1.7,1
湖里_金山小区,1.7,1
思明_湖滨南路66号-200号,1.7,1
湖里_国贸阳光,1.7,1
湖里_翔鹭花城一，二期,1.7,1
同安_金帝中洲滨海城二期,1.5999999999999999,3
集美_兴阁里小区,1.5999999999999999,3
翔安_首开领翔花郡,1.5999999999999999,3
湖里_台北新村,1.5999999999999999,3
思明_自然家园,1.5999999999999999,3
集美_联发欣悦湾,1.5999999999999999,3
思明_百源双玺,1.5999999999999999,3
湖里_玉鹭苑,1.5999999999999999,3
湖里_惠鸿花园,1.5999999999999999,3
同安_特房樾琴湾,1.5999999999999999,3
海沧_沧翔路花园,1.5,5
集美_海上五月花六期,1.5,5
集美_景粼原著,1.5,5
翔安_巷西二里,1.2999999999999998,2
翔安_万科金域缇香,1.2999999999999998,2
湖里_东方巴黎广场,1.2999999999999998,2
同安_恒亿尚品湾3/4期,1.2999999999999998,2
湖里_鹭槟大厦,1.2999999999999998,2
思明_瑞成大厦,1.2999999999999998,2
思明_国贸汇景,1.2999999999999998,2
湖里_南泉小筑,1.2999999999999998,2
湖里_丰泽苑小区,1.2999999999999998,2
湖里_亿力悦海,1.2999999999999998,2
海沧_鑫荣苑,1.2999999999999998,2
思明_益友花园,1.2999999999999998,2
思明_东坪山庄,1.2999999999999998,2
思明_汇禾新城,1.2999999999999998,2
湖里_世茂湖滨首府B区,1.2999999999999998,2
湖里_艾德花园二期,1.2999999999999998,2
思明_太湖新城,1.2999999999999998,2
湖里_福满园,1.2999999999999998,2
海沧_泉舜星园美第,1.2999999999999998,2
同安_星海湾,1.2999999999999998,2
湖里_江宁里,1.2999999999999998,2
集美_禹洲中央海岸三期,1.2999999999999998,2
海沧_水云湾,1.2999999999999998,2
思明_九龙城,1.2999999999999998,2
同安_融信·铂悦湾,1.2999999999999998,2
思明_湖滨南路251-300号,1.2999999999999998,2
思明_瑞景新村鸣凤苑,1.2999999999999998,2
集美_中海杏林鹭湾,1.2999999999999998,2
集美_招商莱顿小镇,1.2999999999999998,2
思明_深田路,1.2999999999999998,2
思明_裕发广场,1.2,4
思明_源昌商业中心,1.2,4
集美_中骏四季阳光,1.2,4
思明_名汇广场,1.2,4
思明_铁疗家园,1.0,1
湖里_国贸新天地,1.0,1
海沧_旭日海湾一期,1.0,1
思明_佳苑星河,1.0,1
海沧_汇景佳园,1.0,1
思明_益辉花园,1.0,1
同安_同安大唐世家三期,1.0,1
思明_莲坂新村,1.0,1
思明_侨鑫公寓,1.0,1
翔安_建发书香府邸二期,1.0,1
集美_安仁里小区,1.0,1
思明_东坪安置房小区,1.0,1
湖里_金鼎社区,1.0,1
思明_金祥大厦,1.0,1
思明_新莲花新龙山花园,1.0,1
思明_广景花园,1.0,1
湖里_世茂湖滨首府A区,1.0,1
翔安_特房朗玥公馆,1.0,1
翔安_海西9号,1.0,1
思明_大洲国际龙郡,1.0,1
思明_福津大街（双涵路117-127）,1.0,1
集美_嘉庚路,1.0,1
思明_艺术中心综合楼,1.0,1
湖里_江浦北里,1.0,1
思明_镇海大厦,1.0,1
思明_松岳里二区,1.0,1
思明_新华城,1.0,1
思明_华普,1.0,1
湖里_东兴小区,1.0,1
思明_金榜小区,1.0,1
湖里_唐庄,1.0,1
思明_湖滨名宫,1.0,1
湖里_东村巷,1.0,1
海沧_盛元广场,1.0,1
湖里_宝鹭苑,1.0,1
思明_海光大厦,1.0,1
湖里_和通里小区,1.0,1
思明_新景数码港,1.0,1
集美_龙湖原著,1.0,1
思明_光明馨苑,1.0,1
思明_繁荣广场,1.0,1
湖里_金秋花园三期,1.0,1
集美_华创公寓,1.0,1
集美_祥和雅筑一期,1.0,1
思明_海峡国际社区二期,1.0,1
思明_阳光海岸,1.0,1
集美_滨水小区一期,1.0,1
湖里_泰和大厦,1.0,1
集美_颐海嘉园,1.0,1
海沧_中骏海岸1号,1.0,1
集美_中交和美新城(二期三期),1.0,1
思明_武汉大厦,1.0,1
思明_振兴新村,1.0,1
思明_碧湖豪庭,1.0,1
思明_富华广场,1.0,1
思明_万寿新城,1.0,1
同安_建发中央天悦,1.0,1
翔安_中南九锦台,1.0,1
同安_中联观云溪,1.0,1
思明_一代风华,1.0,1
思明_新嘉园,1.0,1
思明_医药站宿舍,1.0,1
海沧_厦门中央公园,1.0,1
翔安_雅居乐御宾府,0.8999999999999999,3
湖里_联发五缘湾1号,0.8999999999999999,3
思明_阳台山路19-25号,0.8999999999999999,3
翔安_保利和光城悦,0.8999999999999999,3
思明_万寿北路,0.8999999999999999,3
湖里_冠宏花园,0.8999999999999999,3
海沧_绿苑商城,0.8999999999999999,3
翔安_美地雅登一里,0.8999999999999999,3
湖里_东渡路,0.8999999999999999,3
同安_长荣花园,0.8999999999999999,3
海沧_大永固花园,0.8999999999999999,3
湖里_福龙公寓内院,0.8999999999999999,3
思明_古兴里,0.8999999999999999,3
思明_江头K小区,0.8999999999999999,3
同安_国贸璟原,0.6,2
思明_新金花园,0.6,2
思明_龙山二期安置房,0.6,2
湖里_华成花园,0.6,2
海沧_金龙商城一期,0.6,2
湖里_豪峰大厦,0.6,2
海沧_融创云潮府,0.6,2
湖里_湖边花园B区东区,0.6,2
湖里_福洋花园,0.6,2
思明_墩仔家园,0.6,2
湖里_金庄花园,0.6,2
思明_联发滨海名居,0.6,2
湖里_芙蓉苑二期,0.6,2
湖里_国泰大厦,0.6,2
思明_虹霞大厦,0.6,2
海沧_海沧娱乐城,0.6,2
湖里_源昌宝墅湾,0.6,2
思明_源昌广场,0.6,2
集美_夏商新纪元,0.6,2
思明_湖光路工业设计院,0.6,2
集美_禹洲璟阅城,0.6,2
思明_福达里,0.6,2
同安_欣盛丰森林海,0.6,2
思明_城立方,0.6,2
思明_文园公寓一期,0.6,2
思明_金枫园,0.6,2
思明_罗宾森广场一期,0.6,2
思明_荣华楼,0.6,2
思明_翠湖公寓,0.6,2
同安_溢翔首府,0.6,2
思明_金鸡亭花园小区东区,0.6,2
翔安_国贸远洋天和,0.6,2
思明_四川大厦,0.6,2
海沧_禹洲高尔夫,0.6,2
思明_中兴阁,0.6,2
思明_映碧里小区,0.6,2
同安_芸溪居住公园(三期),0.6,2
海沧_过云溪二组团,0.6,2
翔安_东方新城三区,0.6,2
海沧_首开龙湖春江彼岸三期,0.6,2
思明_南中广场,0.6,2
思明_金沙花园,0.6,2
海沧_沧二小区,0.6,2
集美_融侨观澜,0.6,2
思明_新景海韵园,0.3,1
思明_瑞景生活广场,0.3,1
海沧_禹洲领海,0.3,1
湖里_盛唐苑,0.3,1
思明_金龙苑,0.3,1
思明_开元路,0.3,1
思明_莲坂小区,0.3,1
湖里_御之苑,0.3,1
翔安_泰禾红门,0.3,1
湖里_长安大厦,0.3,1
思明_华岳山庄,0.3,1
思明_松柏华庭,0.3,1
思明_祥和广场,0.3,1
海沧_泉舜信海花园,0.3,1
思明_广顺花园,0.3,1
思明_益泰大厦,0.3,1
翔安_后滨安置房一期,0.3,1
思明_大同路,0.3,1
翔安_海翼0592,0.3,1
翔安_特房黎安小镇A区,0.3,1
思明_禹洲云顶国际,0.3,1
翔安_黎安小镇C小区,0.3,1
海沧_海岸明珠花园,0.3,1
思明_豆仔尾路,0.3,1
海沧_三源弘,0.3,1
思明_宝华花园,0.3,1
思明_光明大厦,0.3,1
同安_银福小区,0.3,1
湖里_中骏天宸,0.3,1
翔安_首开龙湖璟宸府,0.3,1
思明_金秋豪园,0.3,1
思明_育秀里小区,0.3,1
湖里_金南园小区,0.3,1
思明_侨岳厦工花园,0.3,1
集美_聚鑫广场,0.3,1
思明_华孚花园,0.3,1
思明_嘉盛豪园G组团,0.3,1
海沧_都市恬园,0.3,1
思明_文屏巷,0.3,1
同安_古庄教育楼,0.3,1
思明_松岳里一区,0.3,1
翔安_国贸学原一期,0.3,1
思明_禹洲花园二期,0.3,1
思明_英才商厦,0.3,1
集美_国贸天峯,0.3,1
集美_泉水湾三期,0.3,1
湖里_永乐阁,0.3,1
思明_鸿禧花园,0.3,1
思明_镇邦路,0.3,1
海沧_建发文澜和著,0.3,1
思明_站西路,0.3,1
思明_龙祥花园,0.3,1
思明_富兴大厦,0.3,1
湖里_翔鹭花城三期,0.3,1
集美_国贸商城集悦,0.3,1
思明_钨业宿舍,0.3,1
湖里_玉泉花园,0.3,1
湖里_龙门天下,0.3,1
思明_雅居公寓,0.3,1
思明_蔬菜宿舍,0.3,1
思明_新景中心二期,0.3,1
思明_雅观园,0.3,1
思明_万禾春天,0.3,1
湖里_航空大厦,0.3,1
湖里_天宇花园北区,0.3,1
思明_邦妮大厦,0.3,1
湖里_长乐邨一期,0.3,1
思明_香山海景苑,0.3,1
思明_厦港新村,0.3,1
湖里_新景雅苑,0.3,1
集美_大唐世家一期(集美),0.3,1
湖里_兴隆路75-77号,0.3,1
翔安_中南青樾,0.3,1
湖里_大唐世家六期,0.3,1
思明_湖滨E居,0.3,1
思明_聚祥广场,0.3,1
思明_红杏花园,0.3,1
思明_制革宿舍,0.3,1
思明_中关委大厦,0.3,1
思明_文园新村,0.3,1
湖里_气象局宿舍,0.3,1
思明_天鹭大厦,0.3,1
湖里_东方威尼斯,0.3,1
集美_杏花苑,0.3,1
湖里_永同昌大厦,0.3,1
湖里_德信庄园,0.3,1
思明_水岸筼筜,0.3,1
思明_龙福花园,0.3,1
思明_万禾广场,0.3,1
思明_汇腾大厦,0.3,1
思明_塔厝社,0.3,1
思明_普利花园大厦,0.3,1
同安_芸溪居住公园(四期),0.3,1
湖里_明园大厦,0.3,1
集美_鑫锦家园北区,0.3,1
湖里_优山美地,0.3,1
思明_福津大街（风屿路302-320）,0.3,1
思明_信义里社区,0.3,1
思明_天耀湖畔,0.3,1
集美_宁宝世家,0.3,1
集美_东方牡丹园,0.3,1
湖里_吕岭综合楼,0.3,1
思明_侨旺大厦,0.3,1
思明_文塔苑,0.3,1
思明_草埔巷,0.3,1
翔安_融侨铂樾府,0.3,1
湖里_大唐世家一期,0.3,1
思明_联谊广场,0.3,1
思明_明发园二期,0.3,1
海沧_金桥苑,0.3,1
湖里_濠头村新庄园,0.3,1
湖里_东辉小区,0.3,1
湖里_金鸿花园,0.3,1
思明_特运松柏文明小区,0.3,1
思明_金领广场,0.3,1
思明_仙岳海景大厦,0.3,1
湖里_和旭里小区,0.3,1
思明_湖东花园,0.3,1
思明_瑞景新村祥麟苑,0.3,1
思明_新潘宅安置房,0.3,1
集美_集美平阳里小区,0.3,1
思明_石路街,0.3,1
海沧_隆晖花园,0.3,1
思明_华林金磊花园,0.3,1
翔安_翔安新城南区安置房四区,0.3,1
湖里_龙潭花园,0.3,1
湖里_嘉隆建材城,0.3,1
思明_海鸿花园,0.3,1
思明_文兴社,0.3,1
思明_浦南花园,0.3,1
翔安_阳光城翡丽湾,0.3,1
思明_文塔路,0.3,1
思明_育青嘉园,0.3,1
翔安_建发翔城国际南区,0.3,1
思明_明发国际新城,0.3,1
翔安_海峡现代城,0.3,1
湖里_银龙公寓,0.3,1
湖里_兴隆新村,0.3,1
思明_联发花园,0.3,1
湖里_莱茵花苑,0.3,1
思明_联发紫微花园,0.3,1
思明_假日双星,0.3,1
翔安_华论国际大厦,0.3,1
思明_松柏大厦公寓楼,0.3,1
湖里_江鹭花园,0.3,1
海沧_凌波小区,0.3,1
集美_新城际广场一期,0.3,1
思明_金龙花园,0.3,1
思明_能群大厦,0.3,1
思明_虎园路财政宿舍,0.3,1
思明_联丰大厦,0.3,1
思明_禾祥首府,0.3,1
湖里_一元花园二期,0.3,1
集美_金銮湾,0.3,1
同安_巴厘香泉,0.3,1
同安_金都海尚国际,0.3,1
同安_芸溪居住公园(二期),0.3,1
思明_华天花园,0.3,1
同安_厦航高郡,0.3,1
思明_香江大花园,0.3,1
海沧_海玥和鸣,0.3,1
海沧_住宅水晶尚庭,0.3,1
同安_公园道1号,0.3,1
同安_古龙山语听溪,0.3,1
同安_中铁诺德逸都,0.3,1
湖里_恒丰花园2,0.3,1
