云海山庄,75.0,1
吕岭路,74.5,2
轮船宿舍,72.0,1
天成广场,64.0,1
绿苑小区二期,60.0,1
中环花园,59.666666666666664,3
东渡华城,57.5,2
龙盛里,49.333333333333336,3
水务宿舍,48.0,2
世茂国风揽星,46.0,2
巷西一里,45.0,1
龙郡青年城,44.0,1
鸿山大厦,44.0,1
龙山山庄,43.0,3
集美区侨英路,42.0,1
瑞景新村寿鹤苑,41.5,2
侨福城侨福里,37.0,1
世茂国风明月,36.0,1
未来海岸鹭景湾,30.333333333333332,3
国际邮轮城,30.0,1
仙岳东村,29.0,3
东渡三航小区,29.0,1
彼岸,28.5,4
新丰家园,28.0,2
阳光百合,28.0,3
华星大厦,26.333333333333332,3
鼓浪屿别墅,26.0,1
特房五缘尊府,26.0,1
建发央玺,25.666666666666668,3
东岳路45-55号,24.0,1
国贸商城同悦,23.0,10
艺盛花园,22.0,1
禹洲大学城,21.755102040816325,49
金林花园,21.0,1
海上明珠家园,21.0,1
海城花园,20.0,1
信洲大厦,20.0,1
都市华庭,19.0,2
思明南路,19.0,1
鼓浪屿内厝澳路,19.0,2
福满山庄,18.75,4
国贸润园,17.714285714285715,7
江头工商局宿舍,17.0,1
美地雅登祥吴三里,17.0,3
海沧生活区一小区,16.0,2
南湖中祥大厦,16.0,2
瑞景公园,16.0,2
国贸蓝海,16.0,3
小城故事禹洲新城一期,15.0,2
园博1号一期,15.0,2
科瑞大厦,14.0,1
杏糖生活片区,14.0,1
前景城花园,14.0,1
莲花新城一期,14.0,1
永建顶尚,13.5,8
海景奥斯卡,13.0,1
天鹅美苑,13.0,2
云景花园,13.0,1
金榜铁路家园,12.5,2
未来海岸蓝月湾二期,12.11111111111111,9
新景缘,12.0,1
海峡国际社区一期,12.0,1
育秀中心,12.0,4
第二城快乐天地,12.0,3
世茂湖滨首府D区,11.833333333333334,6
京口岩小区,11.333333333333334,3
海投第一湾,11.25,4
振华大厦,11.142857142857142,7
万寿阁,11.0,1
橡树湾四期,11.0,5
金山国际,11.0,1
中交和美新城一期,10.666666666666666,3
建发中央天成,10.5,2
文屏大厦,10.0,2
金枋世家一期,10.0,1
白鹭郡,10.0,1
黄金大厦,10.0,1
中航城国际社区C区,9.833333333333334,6
碧湖嘉园,9.333333333333334,3
未来海岸蓝月湾一期,9.2,5
思明东路,9.0,1
华鸿花园,9.0,1
屿后里小区一区,9.0,1
龙门世家,9.0,1
招商海德公馆二期,9.0,2
天安路,9.0,1
岭兜小区中区,9.0,1
汇景新城中心,8.833333333333334,6
海晟维多利亚,8.8125,16
融景湾,8.5,2
金象嘉园,8.5,2
中央公园城,8.5,2
莲前西路,8.25,4
龙湖春江郦城一期,8.090909090909092,11
国贸天琴湾二期,8.0,1
欣华花园,8.0,1
牡丹园,8.0,1
双狮山路,8.0,1
泉水湾一期,8.0,6
海湾锦园,8.0,1
森海丽景,8.0,2
阳光花园,8.0,3
东海山庄,8.0,1
厦罐宿舍,8.0,2
海韵北区,8.0,1
水晶湖郡A区,7.875,8
美地雅登祥吴五里,7.5,4
中航城A区,7.4,5
中央美地,7.333333333333333,6
联发杏林湾一号三期,7.090909090909091,11
海上五月花一期,7.090909090909091,11
莲花国际B区,7.0,1
龙盛花园,7.0,1
南湖明珠,7.0,1
江浦南里,7.0,4
前埔南区文兴东二里,7.0,1
龙凤园小区,7.0,1
绿苑新城三组团,7.0,7
万科城二期,7.0,1
禹洲中央海岸二期,6.7,10
岳阳西里,6.571428571428571,7
嘉盛豪园南区,6.5,4
仙阁里花园,6.5,2
万科云城,6.5,2
都市港湾,6.4,5
港吉大厦,6.333333333333333,3
东城合院,6.333333333333333,6
国际邮轮城二期,6.25,4
未来海岸碧海湾,6.0,1
龙景台,6.0,1
昌顺公寓,6.0,1
新港龙世家幸福密码,6.0,3
锦绣广场,6.0,1
中海万锦熙岸,6.0,7
仙岳山庄,6.0,1
吕岭花园,6.0,4
菁英公馆,6.0,2
新华园,6.0,1
东浦花园,6.0,1
新湖花园,6.0,1
海山路,6.0,2
怡景花园,6.0,1
金北花园,6.0,2
龙湖春江郦城二期,5.857142857142857,7
银河大厦,5.5,4
禹洲棕榈城二期,5.5,2
古龙明珠,5.5,4
厦门院子泰禾首玺B区,5.5,10
海投青春海岸,5.5,2
莲花新城二期,5.4,5
新景七星府邸,5.333333333333333,6
永同昌假日国际公寓,5.333333333333333,3
欣家园,5.25,4
古龙公寓,5.25,4
泉水湾SOHO,5.0,1
盐溪街,5.0,1
弘龙商业城,5.0,1
仙岳嘉园,5.0,1
华林东盛花园一期,5.0,1
万科中心云玺,5.0,1
海俱宿舍区,5.0,1
世茂国风宸曦,5.0,1
福裕花园,5.0,1
大唐五缘yoho,5.0,2
国际山庄,5.0,1
元利花园东区,5.0,1
中建大厦,5.0,1
大正大厦,5.0,2
信源大厦,5.0,1
第二城幸福生活,5.0,1
富山花园,5.0,2
思东商厦,5.0,1
莲花大厦,5.0,1
海投白鹭湾,5.0,1
水岸名筑,4.777777777777778,9
恒大帝景,4.714285714285714,7
信发楼,4.666666666666667,3
太微花园,4.625,8
大洲新世纪广场,4.6,5
住宅莲花国际,4.5,4
和通新村,4.5,2
九竹巷,4.5,2
凤凰花城,4.5,2
玉亭里,4.5,2
康乐新村一期东区,4.5,2
上东美地,4.5,2
首开领翔上郡二期,4.4,5
天伦花园,4.333333333333333,6
华永天地,4.333333333333333,3
梅阳花园,4.333333333333333,3
阳光城翡丽湾二期,4.2631578947368425,19
联丰商城,4.25,4
美迪斯小区,4.25,4
瑞景苑,4.25,8
建邦大厦,4.25,4
海峡国际天璟,4.2,5
万科城一期,4.142857142857143,7
槟榔花园,4.0,1
园博1号二期,4.0,2
绿杨村,4.0,1
瑞景新村宾鸿苑,4.0,1
马銮公寓,4.0,1
万佳公寓,4.0,1
加州海岸,4.0,2
文圃花园,4.0,2
滨海湾花园,4.0,1
文屏山庄,4.0,3
龙辉花园,4.0,2
宝龙中心二期,4.0,6
怡富花园西区,4.0,2
惠祥花园,4.0,2
前埔南小区一区,4.0,4
怡富花园东区,4.0,1
海曦,4.0,1
联发新天地,4.0,3
美仁新村北区,4.0,1
鑫塔水尚,4.0,1
水晶湖郡C区,4.0,1
通仕达小区,4.0,1
泉舜滨海上城,3.875,8
万科金域蓝湾二期,3.8,5
湖边花园A区,3.8,5
首开领翔上郡一期,3.6666666666666665,3
温莎公馆,3.6666666666666665,3
海上五月花三期,3.6,5
1号公馆,3.5,2
文园公寓二期,3.5,2
湖北大厦,3.5,4
共和大厦,3.5,4
联丰商城二期,3.5,2
海福广场小区,3.5,2
瓷厂宿舍,3.5,2
世茂御海墅,3.5,10
首开龙湖春江彼岸一期,3.5,6
禹洲卢卡小镇,3.5,2
海豚湾,3.4285714285714284,7
万科金域华府二期,3.4285714285714284,14
古龙御景一期北区,3.4,5
莲花首岸,3.375,8
源盛花园,3.3333333333333335,3
银华新村,3.0,1
东方名园,3.0,1
水晶森林二期,3.0,1
裕康花园,3.0,1
阳台佳苑,3.0,1
建群花园,3.0,4
鑫利花园,3.0,1
华林绿景花园,3.0,1
鹭腾花园,3.0,1
前埔南区文兴东一里,3.0,1
鑫新景地大厦,3.0,2
集安广场,3.0,2
宝嘉誉园,3.0,1
源昌大厦,3.0,3
恒亿尚品湾（1/2/5/6期）,3.0,3
卧龙晓城,3.0,4
大唐世家二期,3.0,2
联丰新城,3.0,2
定安小区,3.0,3
太微山庄,3.0,1
中粮云玺壹号,3.0,1
旭日海湾三期,3.0,2
建发翔城国际北区,3.0,2
富祥苑,3.0,1
源通中心,3.0,8
城市花园,3.0,1
高林居住区一里,3.0,4
龙湖春江彼岸二期,3.0,5
涵光路,3.0,2
特房莱昂公馆一期,3.0,2
温馨家园,3.0,1
保利叁仟栋壹海里地块二,3.0,1
南山新村一期,3.0,1
中梁正荣府,3.0,1
保利叁仟栋一期,2.857142857142857,7
华铃花园,2.8,5
大金门花园,2.7777777777777777,9
云顶至尊,2.75,4
禹洲华侨金海岸,2.75,4
明发海景苑,2.6666666666666665,3
禹洲尊海,2.6666666666666665,3
广场湖畔花园,2.6666666666666665,3
金鸡亭小区西区,2.6666666666666665,9
福津大街（凤屿路450-468号）,2.5,2
首开领翔上郡三期,2.5,2
洪山柄南区,2.5,2
宝福大厦,2.5,2
阳台山路,2.5,4
港龙新城,2.5,2
金秋花园,2.5,8
艾德花园一期,2.5,2
文灶地铁社区一期,2.5,2
禹洲城上城,2.5,2
槟榔东里单号区,2.5,2
马銮湾1号,2.5,2
万达广场,2.4,5
泰地海西中心,2.3636363636363638,11
侨福城侨文里,2.3333333333333335,3
国贸天悦,2.2857142857142856,14
住宅·水晶湖郡,2.272727272727273,11
锦绣祥安,2.263157894736842,19
华林金盛花园,2.25,4
侨建花园 ,2.25,4
万科金域蓝湾一期,2.2222222222222223,9
首开领翔国际,2.2142857142857144,14
IOI棕榈城,2.2,5
时尚国际,2.2,5
长升大厦,2.2,5
招商海德公园一期,2.1666666666666665,6
天心岛,2.142857142857143,7
屿后南里,2.142857142857143,7
世茂璀璨天城一期,2.125,8
新景国际外滩,2.090909090909091,11
特房莱昂公馆二期,2.0,1
腾龙商厦,2.0,1
康乐新村二期,2.0,1
禹洲香溪里6#地块,2.0,1
国贸怡祥大厦,2.0,1
兴华路,2.0,1
下苏巷,2.0,1
大埕巷,2.0,1
育青路,2.0,1
宁宝社区,2.0,1
银河花园,2.0,1
建发中央湾区soho,2.0,1
文图花园,2.0,1
瑞景新村蟠龙苑,2.0,1
鑫龙大厦,2.0,1
浦南新村,2.0,1
世茂湖滨首府C区,2.0,2
广播电台综合楼,2.0,1
南田巷,2.0,1
祥云公寓,2.0,1
金岭花园,2.0,1
新景天湖广场2期,2.0,1
曾厝垵西里,2.0,2
新景天湖广场,2.0,4
华林花园三期,2.0,1
金鼎巷,2.0,1
高林居住区三里,2.0,2
信和银湖天峰,2.0,3
玫瑰园,2.0,1
皓晖花园,2.0,1
禹洲新村,2.0,3
莲花首岸和院,2.0,1
万禾花园,2.0,1
东坪花园二期,2.0,1
机关宿舍小区,2.0,2
国贸天琴湾一期,2.0,2
彩虹湾,2.0,7
玉滨城二期,2.0,1
融侨观邸,2.0,5
东方新城二期,2.0,3
新城际广场二期,2.0,6
屿后北里,2.0,1
中央湾区琥珀湾,2.0,1
特房银溪墅府梅斯花园,2.0,1
东坪花园一期,2.0,2
新景龙郡,2.0,2
未来海岸浪琴湾,2.0,6
橡树湾,2.0,2
天宇花园南区,2.0,5
金同花园,2.0,1
信和中央广场,2.0,1
明发半岛祥湾A区,2.0,2
长青北里小区,2.0,5
金山小区,2.0,1
湖滨南路66号-200号,2.0,1
橡树湾三期,2.0,4
国贸阳光,2.0,1
夏商大学康城一期,2.0,2
翔鹭花城一，二期,2.0,1
禹洲中央海岸一期,1.9285714285714286,14
万科广场幸福里,1.9,10
中骏蓝湾半岛,1.8333333333333333,6
金尚小区,1.8333333333333333,18
古龙御景二期,1.75,4
金龙商城二期,1.75,4
特房山水新座,1.6666666666666667,3
龙华里,1.6666666666666667,3
赣商海领馆,1.6666666666666667,3
宝龙一城,1.6666666666666667,3
家家海景,1.6666666666666667,3
中海锦城国际,1.6666666666666667,3
天宝大厦,1.6666666666666667,6
莲坂西小区,1.6666666666666667,6
中海寰宇天下,1.5714285714285714,7
天湖城,1.5555555555555556,18
新港龙花园,1.5,2
永升新城,1.5,2
泛华大厦,1.5,2
中澳城,1.5,2
中铁元湾,1.5,2
金尚首府,1.5,2
银都花园,1.5,2
新景舜弘天籁,1.5,2
侨福城侨龙里,1.5,2
后溪花园,1.5,2
湖滨东路,1.5,4
江山帝景,1.5,4
明发半岛祥湾B区,1.5,2
建达花园,1.5,2
白鹤山路,1.5,2
益城广场,1.5,2
禹洲香槟城,1.5,2
水晶森林一期,1.5,2
玉滨城一期,1.5,2
石亭小区,1.5,4
盈翠里,1.5,2
海投尚书房,1.5,4
厦门院子泰禾首玺A区,1.5,2
美湖花园,1.5,2
兴港花园三期,1.5,2
莲花尚院,1.5,6
源昌鑫海湾,1.4444444444444444,9
美地雅登祥吴六里,1.4285714285714286,7
东晖广场,1.4285714285714286,7
中福城,1.4,5
榕海花园,1.4,5
鑫茂花园,1.4,5
莲花新城三期,1.3636363636363635,11
绿家园,1.3333333333333333,3
华尔顿1275,1.3333333333333333,3
松柏湖花园,1.3333333333333333,3
富山花园紫荆苑,1.3333333333333333,3
官邸大厦,1.3333333333333333,6
宏大花园,1.3333333333333333,3
碧水芳庭,1.3333333333333333,3
中骏蓝湾尚都,1.25,8
IOI园博湾,1.25,8
保利叁仟栋二期,1.25,8
中交国贸鹭原,1.25,4
国际文化大厦,1.2,5
禾丰新景,1.2,5
万科城四期,1.1666666666666667,6
金城湾花园,1.1666666666666667,6
铁疗家园,1.0,1
国贸新天地,1.0,1
旭日海湾一期,1.0,1
佳苑星河,1.0,1
汇景佳园,1.0,1
益辉花园,1.0,1
同安大唐世家三期,1.0,1
国联大厦,1.0,2
莲坂新村,1.0,1
侨鑫公寓,1.0,1
建发书香府邸二期,1.0,1
安仁里小区,1.0,1
聚泰商业城,1.0,2
东坪安置房小区,1.0,1
金鼎社区,1.0,1
金祥大厦,1.0,1
新莲花新龙山花园,1.0,1
广景花园,1.0,1
世茂湖滨首府A区,1.0,1
特房山水杰座,1.0,2
特房朗玥公馆,1.0,1
特房银溪墅府温尼花园,1.0,2
假日花园,1.0,2
海西9号,1.0,1
大洲国际龙郡,1.0,1
福津大街（双涵路117-127）,1.0,1
保利叁仟栋壹海里地块一,1.0,2
嘉庚路,1.0,1
海晟棕蓝海,1.0,2
艺术中心综合楼,1.0,1
江浦北里,1.0,1
镇海大厦,1.0,1
新景园,1.0,3
松岳里二区,1.0,1
特房山水尚座,1.0,3
新华城,1.0,1
华普,1.0,1
东兴小区,1.0,1
金榜小区,1.0,1
唐庄,1.0,1
湖滨名宫,1.0,1
东村巷,1.0,1
盛元广场,1.0,1
宝鹭苑,1.0,1
电化宿舍,1.0,2
海光大厦,1.0,1
和通里小区,1.0,1
新景数码港,1.0,1
泰和花园,1.0,4
水晶APPLE,1.0,2
龙湖原著,1.0,1
湖景华庭,1.0,2
富山花园罗马假日,1.0,2
金辉园,1.0,3
山木清华,1.0,6
光明馨苑,1.0,1
丰融尚城,1.0,3
繁荣广场,1.0,1
金秋花园三期,1.0,1
华创公寓,1.0,1
坂尾路,1.0,3
莲富大厦,1.0,2
中港花园,1.0,2
祥和雅筑一期,1.0,1
海峡国际社区二期,1.0,1
富佳苑,1.0,2
阳光海岸,1.0,1
滨水小区一期,1.0,1
泰和大厦,1.0,1
槟东公寓,1.0,3
颐海嘉园,1.0,1
联发杏林湾一号二期,1.0,6
前海湾,1.0,2
汇景雅苑,1.0,4
中骏海岸1号,1.0,1
云亭花园,1.0,3
中交和美新城(二期三期),1.0,1
莲滨里,1.0,2
阳光城文澜府,1.0,5
宝龙中心一期,1.0,3
武汉大厦,1.0,1
振兴新村,1.0,1
碧湖豪庭,1.0,1
嘉华大厦,1.0,2
富华广场,1.0,1
万科城三期,1.0,2
万寿新城,1.0,1
建发中央天悦,1.0,1
招商1872,1.0,2
绿苑新城一组团,1.0,5
富城花园,1.0,3
前埔北区一里,1.0,5
绿苑小区一期,1.0,2
中南九锦台,1.0,1
中联观云溪,1.0,1
一代风华,1.0,1
阳光城翡丽湾一期,1.0,11
新嘉园,1.0,1
金龙大厦,1.0,2
建发玺樾,1.0,4
集美中心花园,1.0,15
医药站宿舍,1.0,1
厦门中央公园,1.0,1
海银大厦,0.9230769230769231,13
融信海上城,0.8846153846153846,26
罗宾森购物广场二期,0.8571428571428571,7
泉水湾二期,0.8333333333333334,6
滨水二里,0.8333333333333334,6
永升彩虹花园,0.8,5
世茂璀璨天城二期,0.8,10
联发杏林湾一号一期,0.8,5
联发欣悦园,0.75,4
绿苑新城二组团,0.75,4
天御小区,0.75,4
金帝中洲滨海城,0.7272727272727273,11
长欣花园,0.7142857142857143,7
凯旋广场,0.6666666666666666,3
银龙广场二期,0.6666666666666666,3
槟榔西里(单号),0.6666666666666666,3
老虎城,0.6666666666666666,3
明发花园一期,0.6666666666666666,3
金海湾,0.6666666666666666,6
金彩花苑,0.6666666666666666,3
海投第一湾二期湖海庄园,0.6666666666666666,3
莲花国际A区,0.6666666666666666,3
紫荆园,0.6666666666666666,3
禹洲世贸商城思明,0.6666666666666666,6
音乐家生活广场,0.6666666666666666,3
建发央著一期,0.6666666666666666,3
摩登时代,0.6666666666666666,3
莲岳里小区西区,0.6666666666666666,6
海上五月花五期,0.6,5
西雅图,0.5833333333333334,12
巷西二里,0.5,2
万科金域缇香,0.5,2
东方巴黎广场,0.5,2
恒亿尚品湾3/4期,0.5,2
鹭槟大厦,0.5,2
瑞成大厦,0.5,2
国贸汇景,0.5,2
南泉小筑,0.5,2
丰泽苑小区,0.5,2
亿力悦海,0.5,2
鑫荣苑,0.5,2
海投自贸城,0.5,4
益友花园,0.5,2
东坪山庄,0.5,2
汇禾新城,0.5,2
世茂湖滨首府B区,0.5,2
艾德花园二期,0.5,2
太湖新城,0.5,2
祥店新村,0.5,4
福满园,0.5,2
泉舜星园美第,0.5,2
星海湾,0.5,2
江宁里,0.5,2
华玺,0.5,4
禹洲中央海岸三期,0.5,2
建发花园,0.5,4
水云湾,0.5,2
九龙城,0.5,2
融信·铂悦湾,0.5,2
湖滨南路251-300号,0.5,2
瑞景新村鸣凤苑,0.5,2
中海杏林鹭湾,0.5,2
米兰春天,0.5,6
万科金色悦城,0.5,6
招商莱顿小镇,0.5,2
深田路,0.5,2
桃源大厦,0.5,4
海投天源,0.42857142857142855,7
东方高尔夫国际公寓,0.4,5
莲岳里小区东区,0.4,5
未来海岸蓝水郡,0.4,10
源昌君悦山思明,0.375,8
金帝中洲滨海城二期,0.3333333333333333,3
兴阁里小区,0.3333333333333333,3
首开领翔花郡,0.3333333333333333,3
台北新村,0.3333333333333333,3
自然家园,0.3333333333333333,3
联发欣悦湾,0.3333333333333333,3
百源双玺,0.3333333333333333,3
玉鹭苑,0.3333333333333333,3
惠鸿花园,0.3333333333333333,3
特房樾琴湾,0.3333333333333333,3
未来橙堡,0.3333333333333333,24
东坑安居房,0.25,4
凯悦新城,0.2,5
新景海韵园,0.0,1
瑞景生活广场,0.0,1
禹洲领海,0.0,1
盛唐苑,0.0,1
金龙苑,0.0,1
开元路,0.0,1
莲坂小区,0.0,1
御之苑,0.0,1
雅居乐御宾府,0.0,3
泰禾红门,0.0,1
国贸璟原,0.0,2
长安大厦,0.0,1
华岳山庄,0.0,1
松柏华庭,0.0,1
祥和广场,0.0,1
泉舜信海花园,0.0,1
广顺花园,0.0,1
益泰大厦,0.0,1
后滨安置房一期,0.0,1
大同路,0.0,1
海翼0592,0.0,1
特房黎安小镇A区,0.0,1
禹洲云顶国际,0.0,1
黎安小镇C小区,0.0,1
海岸明珠花园,0.0,1
豆仔尾路,0.0,1
三源弘,0.0,1
联发五缘湾1号,0.0,3
宝华花园,0.0,1
光明大厦,0.0,1
银福小区,0.0,1
中骏天宸,0.0,1
首开龙湖璟宸府,0.0,1
金秋豪园,0.0,1
育秀里小区,0.0,1
金南园小区,0.0,1
侨岳厦工花园,0.0,1
聚鑫广场,0.0,1
华孚花园,0.0,1
嘉盛豪园G组团,0.0,1
都市恬园,0.0,1
文屏巷,0.0,1
古庄教育楼,0.0,1
松岳里一区,0.0,1
国贸学原一期,0.0,1
禹洲花园二期,0.0,1
英才商厦,0.0,1
新金花园,0.0,2
国贸天峯,0.0,1
泉水湾三期,0.0,1
永乐阁,0.0,1
鸿禧花园,0.0,1
镇邦路,0.0,1
建发文澜和著,0.0,1
站西路,0.0,1
龙山二期安置房,0.0,2
龙祥花园,0.0,1
富兴大厦,0.0,1
翔鹭花城三期,0.0,1
国贸商城集悦,0.0,1
华成花园,0.0,2
金龙商城一期,0.0,2
钨业宿舍,0.0,1
豪峰大厦,0.0,2
玉泉花园,0.0,1
龙门天下,0.0,1
融创云潮府,0.0,2
雅居公寓,0.0,1
蔬菜宿舍,0.0,1
新景中心二期,0.0,1
雅观园,0.0,1
万禾春天,0.0,1
湖边花园B区东区,0.0,2
福洋花园,0.0,2
航空大厦,0.0,1
天宇花园北区,0.0,1
邦妮大厦,0.0,1
长乐邨一期,0.0,1
香山海景苑,0.0,1
厦港新村,0.0,1
墩仔家园,0.0,2
新景雅苑,0.0,1
大唐世家一期(集美),0.0,1
兴隆路75-77号,0.0,1
中南青樾,0.0,1
大唐世家六期,0.0,1
湖滨E居,0.0,1
金庄花园,0.0,2
聚祥广场,0.0,1
红杏花园,0.0,1
制革宿舍,0.0,1
中关委大厦,0.0,1
文园新村,0.0,1
气象局宿舍,0.0,1
天鹭大厦,0.0,1
东方威尼斯,0.0,1
联发滨海名居,0.0,2
芙蓉苑二期,0.0,2
杏花苑,0.0,1
国泰大厦,0.0,2
永同昌大厦,0.0,1
德信庄园,0.0,1
水岸筼筜,0.0,1
龙福花园,0.0,1
虹霞大厦,0.0,2
万禾广场,0.0,1
汇腾大厦,0.0,1
海沧娱乐城,0.0,2
源昌宝墅湾,0.0,2
塔厝社,0.0,1
普利花园大厦,0.0,1
源昌广场,0.0,2
芸溪居住公园(四期),0.0,1
明园大厦,0.0,1
鑫锦家园北区,0.0,1
优山美地,0.0,1
福津大街（风屿路302-320）,0.0,1
信义里社区,0.0,1
夏商新纪元,0.0,2
天耀湖畔,0.0,1
宁宝世家,0.0,1
东方牡丹园,0.0,1
阳台山路19-25号,0.0,3
吕岭综合楼,0.0,1
湖光路工业设计院,0.0,2
侨旺大厦,0.0,1
文塔苑,0.0,1
草埔巷,0.0,1
融侨铂樾府,0.0,1
大唐世家一期,0.0,1
禹洲璟阅城,0.0,2
联谊广场,0.0,1
明发园二期,0.0,1
金桥苑,0.0,1
裕发广场,0.0,4
源昌商业中心,0.0,4
濠头村新庄园,0.0,1
福达里,0.0,2
东辉小区,0.0,1
金鸿花园,0.0,1
特运松柏文明小区,0.0,1
金领广场,0.0,1
仙岳海景大厦,0.0,1
和旭里小区,0.0,1
欣盛丰森林海,0.0,2
湖东花园,0.0,1
城立方,0.0,2
文园公寓一期,0.0,2
瑞景新村祥麟苑,0.0,1
新潘宅安置房,0.0,1
集美平阳里小区,0.0,1
石路街,0.0,1
隆晖花园,0.0,1
华林金磊花园,0.0,1
翔安新城南区安置房四区,0.0,1
金枫园,0.0,2
龙潭花园,0.0,1
嘉隆建材城,0.0,1
罗宾森广场一期,0.0,2
海鸿花园,0.0,1
保利和光城悦,0.0,3
文兴社,0.0,1
浦南花园,0.0,1
荣华楼,0.0,2
万寿北路,0.0,3
沧翔路花园,0.0,5
阳光城翡丽湾,0.0,1
文塔路,0.0,1
翠湖公寓,0.0,2
育青嘉园,0.0,1
冠宏花园,0.0,3
建发翔城国际南区,0.0,1
明发国际新城,0.0,1
溢翔首府,0.0,2
金鸡亭花园小区东区,0.0,2
国贸远洋天和,0.0,2
海峡现代城,0.0,1
银龙公寓,0.0,1
兴隆新村,0.0,1
绿苑商城,0.0,3
四川大厦,0.0,2
联发花园,0.0,1
国贸金沙湾,0.0,6
莱茵花苑,0.0,1
联发紫微花园,0.0,1
假日双星,0.0,1
美地雅登一里,0.0,3
东渡路,0.0,3
华论国际大厦,0.0,1
松柏大厦公寓楼,0.0,1
江鹭花园,0.0,1
凌波小区,0.0,1
新城际广场一期,0.0,1
禹洲高尔夫,0.0,2
海上五月花六期,0.0,5
美地雅登祥吴二里,0.0,6
长荣花园,0.0,3
金龙花园,0.0,1
能群大厦,0.0,1
大永固花园,0.0,3
中骏四季阳光,0.0,4
福龙公寓内院,0.0,3
古兴里,0.0,3
虎园路财政宿舍,0.0,1
联丰大厦,0.0,1
中兴阁,0.0,2
映碧里小区,0.0,2
芸溪居住公园(三期),0.0,2
禾祥首府,0.0,1
过云溪二组团,0.0,2
一元花园二期,0.0,1
东方新城三区,0.0,2
江头K小区,0.0,3
金銮湾,0.0,1
巴厘香泉,0.0,1
金都海尚国际,0.0,1
芸溪居住公园(二期),0.0,1
华天花园,0.0,1
首开龙湖春江彼岸三期,0.0,2
南中广场,0.0,2
厦航高郡,0.0,1
名汇广场,0.0,4
景粼原著,0.0,5
金沙花园,0.0,2
沧二小区,0.0,2
特房银溪墅府图尔花园,0.0,7
香江大花园,0.0,1
海玥和鸣,0.0,1
融侨观澜,0.0,2
住宅水晶尚庭,0.0,1
建发央著二期,0.0,8
公园道1号,0.0,1
古龙山语听溪,0.0,1
中铁诺德逸都,0.0,1
恒丰花园2,0.0,1
