year,avg_elevator_num
1977,0.0
1983,0.0
1984,0.0
1985,0.0
1986,0.0
1987,0.0
1988,0.1428571428571428
1989,0.0
1990,0.0
1991,0.0
1992,0.8571428571428571
1993,0.6363636363636364
1994,0.4375
1995,0.25
1996,0.3947368421052631
1997,0.6764705882352942
1998,0.463768115942029
1999,0.9142857142857144
2000,0.7099236641221374
2001,0.8928571428571429
2002,1.0545454545454545
2003,1.350877192982456
2004,1.6875
2005,1.54
2006,1.5423728813559323
2007,1.7037037037037035
2008,2.1538461538461537
2009,1.8
2010,1.8673469387755104
2011,2.15625
2012,2.3189655172413794
2013,2.0595238095238093
2014,2.197530864197531
2015,2.373333333333333
2016,3.155339805825242
2017,2.2962962962962963
2018,2.1320754716981134
2019,2.0892857142857144
2020,1.6666666666666667
2021,1.3448275862068966
2022,1.5555555555555556
2023,2.0
