-1,0.5274725274725275,91
1949,0.0,2
1977,0.0,1
1983,0.0,2
1984,0.0,3
1985,0.0,2
1986,0.0,12
1987,0.0,2
1988,0.14285714285714285,7
1989,0.0,10
1990,0.0,15
1991,0.0,8
1992,0.8571428571428571,7
1993,0.6363636363636364,22
1994,0.4375,32
1995,0.25,28
1996,0.39473684210526316,38
1997,0.6764705882352942,34
1998,0.463768115942029,69
1999,0.9142857142857143,70
2000,0.7099236641221374,131
2001,0.8928571428571429,56
2002,1.0545454545454545,55
2003,1.3508771929824561,57
2004,1.6875,80
2005,1.54,100
2006,1.5423728813559323,59
2007,1.7037037037037037,54
2008,2.1538461538461537,104
2009,1.8,85
2010,1.8673469387755102,98
2011,2.15625,64
2012,2.3189655172413794,116
2013,2.0595238095238093,84
2014,2.197530864197531,162
2015,2.3733333333333335,150
2016,3.1553398058252426,103
2017,2.2962962962962963,135
2018,2.1320754716981134,106
2019,2.0892857142857144,56
2020,1.6666666666666667,48
2021,1.3448275862068966,29
2022,1.5555555555555556,9
2023,2.0,2
