思明_实验小学及周边,98573.16666666667
湖里_五缘湾,91707.78846153847
思明_思明南路,84259.33333333333
思明_中山路,73894.73333333334
思明_文园路,71457.66666666667
思明_白鹭洲,69399.66666666667
思明_市政府,68927.25
思明_思北,68849.63636363637
思明_富山,68610.28888888888
思明_槟榔,66838.375
思明_厦大,66081.0
思明_禾祥东路,65235.125
思明_斗西路,65200.4
思明_滨东,64732.0
思明_黄厝,64623.5
思明_会展中心,64357.583333333336
思明_七星路,62141.3125
思明_体育中心,62092.86666666667
思明_曾厝垵,61405.2
思明_文灶,60667.61538461538
湖里_湖边水库,60465.88888888889
思明_禾祥西路,60211.35
思明_松柏,60195.260273972606
思明_瑞景,60129.43661971831
思明_莲前,58351.607142857145
思明_莲坂,57636.51111111111
思明_公园小学及周边,57466.25
思明_莲花,57100.121212121216
思明_火车站,56036.98148148148
湖里_保税区,55630.11111111111
思明_仙岳社区,55112.625
湖里_金山,54159.666666666664
湖里_枋湖,53760.03921568627
湖里_邮轮城,52663.5
思明_岳阳社区,52401.818181818184
思明_莲花一村,52364.90909090909
湖里_祥店,51929.72727272727
思明_前埔,50087.81481481482
湖里_大唐世家,49033.0
思明_鼓浪屿,48653.666666666664
湖里_江头,48051.627118644064
湖里_软件园,47031.0
思明_观音山,47016.0
湖里_金尚,46734.89
思明_金鸡亭,46240.269230769234
湖里_东渡,46136.82608695652
思明_SM,44889.11111111111
湖里_南山路,43816.083333333336
湖里_万达广场,41753.608695652176
湖里_SM,39435.375
集美_集美新城,39000.576
湖里_殿前,38765.125
集美_杏北,38560.06122448979
湖里_湖里大道,37635.9
集美_杏锦路,37146.76470588235
集美_集美文教区,37026.913043478264
海沧_滨海社区,36196.25252525252
湖里_机场区,34676.142857142855
集美_集美其它,32632.38157894737
集美_杏林桥头,32535.893333333333
海沧_未来海岸北师大,32084.44
海沧_海沧体育中心,30129.94827586207
集美_灌口,29698.761904761905
同安_环东海域,28769.75
海沧_海沧外国语片区,28452.235294117647
海沧_海沧区政府,27745.676470588234
海沧_马銮湾东,27593.666666666668
翔安_翔安新城,27413.929577464787
海沧_海沧生活区,27270.77011494253
海沧_马銮湾中心片区,27086.975
翔安_环东海域,25757.071428571428
集美_杏东,24175.46153846154
翔安_新店,22861.739726027397
集美_厦门北站商业区,22632.130434782608
海沧_角嵩路,22257.0
集美_杏南,21981.333333333332
同安_集美其它,21943.722222222223
同安_同安区,20314.25
翔安_马巷,20258.434782608696
海沧_海沧农场,20210.0
集美_锦园,19560.8
海沧_东孚,19330.0
同安_同安其它,17603.2
集美_杏西,16881.5
翔安_翔安其他,13941.0
