采光好,123
户型方正,120
南北通透,112
拎包入住,98
南,97
业主诚意出售,87
地铁口,79
交通便利,76
诚意出售,69
精装修,68
视野开阔,61
看房方便,61
北,55
采光充足,54
视野好,46
中间楼层,45
楼层好,40
格局方正,38
全明格局,36
一梯两户,35
双阳台,35
电梯高层,35
南北朝向,35
高层,34
三面采光,34
朝南,34
使用面积大,33
南北,33
高楼层,32
总价低,31
满五,31
低总价,29
3室2厅,28
精装,27
集美新城,26
电梯房,24
2室2厅,23
3室1厅,23
配套齐全,21
精装两房,21
全明户型,21
火车站,20
精装三房,20
视野宽阔,19
满五年,19
视野无遮挡,18
空户,18
采光通风好,18
明厨明卫,17
2室1厅,17
交通方便,17
好楼层,17
环东海域,17
通透户型,16
正规两房,16
厅带阳台朝南,16
近地铁,16
正规三房,15
边套,15
集美桥头,15
可拎包入住,15
位置安静,15
看中庭,15
业主急售,15
自住装修,15
户型好,14
中楼层,14
东,14
松柏,14
小户型,14
东南,14
高层看海,14
价格可谈,13
看海,13
翔安隧道口,13
无遮挡,13
产权满二,13
格局好,13
五缘湾,13
封闭式小区,13
大三房,13
建发品质,13
业主自住,12
全明结构,12
厅带阳台,12
莲坂地铁口,12
楼中楼,12
电梯,12
房东诚意出售,12
4室2厅,12
自住精装,12
业主自住装修,12
此房满五年,11
复式楼中楼,11
精装3房,11
框架结构,11
一线海景,11
全明,10
精装大三房,10
满五*,10
配套设施齐全,10
3房,10
东南朝向,10
精装2房,10
边套户型,10
动静分离,10
客厅带阳台朝南,10
位置好,10
公摊小,10
1室1厅,10
业主诚售,10
阳光充足,10
正规3房,10
满二,10
地铁,9
保养好,9
闹中取静,9
吕厝双地铁口,9
小区中庭,9
产权满五,9
花园小区,9
南北向,9
户型通透,9
双地铁口,9
安静,9
满5年,8
金尚小区,8
出行方便,8
人车分流,8
通透,8
近地铁口,8
采光视野好,8
三房,8
此房满五,8
有钥匙,8
低楼层,8
中高楼层,8
看小区中庭,8
急售,8
装修好,8
融信海上城,8
带电梯,7
精装四房,7
配套成熟,7
南北通透格局,7
业主稳定出售,7
此房满两年,7
毛坯,7
锦绣祥安,7
地铁口旁,7
诚售,7
高层视野好,7
朝南户型,7
可以拎包入住,7
封闭小区,7
看海景,7
客厅朝南,7
产权在手,7
随时看房,7
精装修三房,7
满两年,7
精装4房,7
省税,7
光线好,7
免个税,7
视野采光好,6
滨北,6
海景房,6
产权满五年,6
视野佳,6
两房,6
自住精装修,6
此房满二,6
高层视野开阔,6
龙湖品质,6
业主诚意卖,6
富山,6
二次装修,6
三房两卫,6
文灶地铁口,6
采光很好,6
客厅带阳台,6
马青路地铁口,6
框架,6
高层海景房,6
边套三房,6
精装大两房,6
单身公寓,6
莲坂,6
电梯三房,6
满五省个税,6
4房,6
满五省税,6
大阳台,6
地铁2号线,6
隧道口,6
业主自住精装修,5
花园式小区,5
小区环境好,5
万科物业,5
客厅朝南带阳台,5
生活便利,5
两梯两户,5
住家装修,5
电梯四房,5
正规2房,5
通风好,5
采光佳,5
边套通透户型,5
正规大两房,5
公园旁,5
南北双阳台,5
品质小区,5
西南,5
景观好,5
朝南带阳台,5
翔安新城,5
带露台,5
朝南采光好,5
稳定出售,5
价格好谈,5
中庭位置,5
国贸品质,5
独门独户,5
禾祥西,5
满2年,5
低首付,5
禹洲大学城,5
环境优美,5
俩房,4
店长推荐,4
特房品质,4
交通生活便利,4
此房满2年,4
地铁2号线旁精明房型稳定出售。,4
新景国际外滩,4
杏林桥头,4
阳光城,4
直接拎包入住,4
吕厝地铁口,4
瑞景,4
大两房,4
停车方便,4
精装修两房,4
联发品质,4
采光充足。,4
ioi园博湾,4
高层视野,4
西,4
5室2厅,4
高楼层景观视野好,4
东南北三面采光,4
低公摊,4
温馨舒适,4
业主诚心出售,4
天湖城,4
地段好,4
精装一房一厅,4
位置佳,4
维多利亚,4
朝南双阳台,4
朝南两房,4
高层看海景,4
中高层,4
通风采光好,4
有露台,4
满五免个税,4
精装小三房,4
万象城,4
海景,4
小区中间位置,4
南北通,4
思北,4
封闭式管理小区,4
开发商精装,4
楼层适中,4
高林居住区一里,4
全新未入住,4
中山路,4
莲花,4
精装拎包入住,4
万象城旁,4
东边套,4
湖海双景,4
海上世界,4
二次精装,4
新小区,4
1室0厅,4
房东诚售,4
精装三房两卫,4
大四房,4
万科品质,3
中骏蓝湾尚都,3
电梯中层,3
。,3
龙湖春江郦城,3
出行便利,3
产权清晰,3
西雅图,3
诚意,3
世茂,3
楼层好户型好,3
近集美桥头嘉庚体育馆,3
此房户型方正,3
户型佳,3
源昌鑫海湾,3
台湾街,3
满二年,3
小三房,3
大三房两卫,3
正规一房一厅,3
白鹭洲,3
岳阳小区,3
满2,3
金帝中洲滨海城,3
泰和花园,3
精装交付,3
经典户型,3
得房率高,3
电梯楼中楼,3
挑高6米,3
看湖景,3
大2房,3
电梯大三房,3
莲花新城三期,3
南北对流,3
客厅带大阳台,3
厅朝南,3
生活,3
电梯2房,3
集美文教区,3
集美中心花园,3
南北通透户型,3
居家装修,3
东浦路,3
高层无遮挡,3
江头台湾街,3
海峡国际天璟,3
宜居,3
房东急售,3
新出好房,3
一线湖景,3
区政府,3
延奎,3
房子满五年,3
国贸润园,3
莲前西路,3
楼栋位置在校区属于看海很好的位置,3
保利品质,3
火车站地铁口,3
封闭式花园小区,3
吕岭花园,3
采光,3
楼层佳,3
前后无遮挡,3
房,3
电梯中高层,3
交通便利。,3
长欣花园,3
带独立露台,3
正规4房,3
水晶湖郡,3
泰地海西,3
集美桥头堡,3
软三,3
落地窗,3
电梯小高层,3
有电梯,3
税费少,3
繁华地段,3
精装一房,3
西南北三面采光,3
绿苑新城,3
业主诚意出售。,3
温馨两房,3
此房南北通透,3
华润品质,3
生活方便,3
3房朝南,3
随时过户,3
边套采光好,3
|,3
南北通透双阳台,3
公园片区,3
建发花园,3
2号线,3
海景2房,3
正规大三房,3
全明三房,3
思明区,3
安静不沿街,3
小区安静,3
大客厅,3
看房有钥匙,3
祥店,3
2房,3
正规,3
北附,3
满五年省税,3
两房朝南,3
朝向好,3
单价低,3
特房樾琴湾,3
地铁沿线,3
槟榔,3
枋湖,3
恒大帝景,3
屿后南里,3
进出岛方便,3
东坑安居房,3
精装小两房,3
洋房社区,3
朝南向,3
可拎包入住。,3
国贸天悦,3
视野好无遮挡,3
世茂ioi万科里商圈,3
高楼层看海,3
海晟维多利亚,2
格局通透,2
山木清华,2
采光好无遮挡,2
三层楼中楼,2
世茂璀璨天城一期,2
电梯高楼层,2
莲花五村,2
通风好采光佳,2
交通便捷,2
b区,2
泰禾厦门院子,2
米兰春天,2
.,2
精致装修,2
万科城四期精装四房,2
房子朝向好,2
可以看海景,2
边套全明,2
鹭景湾联排别墅,2
天心岛,2
价格有空间,2
天伦花园,2
万科城一期,2
温泉入户,2
配套全,2
领包入住,2
朝南大两房,2
视线好,2
无贷款,2
一站进岛,2
此房产权清晰,2
生活配套齐全,2
两梯四户,2
有花园,2
吕岭路,2
精装自住,2
楼层视野好,2
高档社区,2
江头,2
2号线地铁口,2
交通,2
万象城边上,2
标准三房,2
邸,2
府,2
新景七星,2
正规单身公寓,2
江头公园,2
独栋私宅,2
有天有地,2
总楼层视野宽阔,2
高层采光好,2
汇景片区新复式,2
中铁元湾,2
高层通透三房,2
南北通透！,2
视野无遮挡。,2
华林品质,2
5-4年级,2
电梯房2005年,2
全明通透,2
07年电梯,2
小区门口就是公园,2
东方新城二期,2
双主卧,2
万科金域蓝湾,2
交通便利配套齐全,2
看景观,2
都市港湾,2
省税费,2
新景天湖广场,2
江浦南里,2
源通中心,2
东南向,2
4室1厅,2
南泉小筑,2
2013年新小区,2
带大阳台,2
莲坂商圈,2
顶层复式,2
金秋花园,2
万达旁,2
边套大三房,2
源昌宝墅湾,2
亿力悦海,2
文园路,2
诚意出售。,2
厅朝南带阳台,2
首开上郡,2
筼筜湖,2
3房2厅,2
小区是10年建成的封闭式花园小区,2
地铁口朝南正规两房业主诚意出售,2
楼层高,2
楼间距宽,2
万科精装四房,2
通风,2
莲花首岸,2
2号地铁口旁,2
阳光城精装三房,2
海上世界旁,2
采光好。,2
集美新城地铁口,2
方便,2
精装修可拎包入住。,2
产权满2,2
毛坯随心装,2
海景大三房,2
使用空间大,2
祥店新村,2
西南北,2
家家海景,2
拎包入住。,2
免双税,2
中海万锦熙岸,2
户型方正。,2
电梯高层楼中楼,2
南北户型,2
通透采光好,2
安静宜居,2
南部新城,2
江头地铁口,2
有阁楼,2
自住装,2
环东海域精装,2
带双阳台,2
此房格局方正,2
火车站旁,2
空户金榜小,2
非热点,2
振华大厦,2
适合刚需客户,2
电梯中间楼层东边套明厨自住装修安静舒适,2
古兴里,2
看房方便随时约。配套完善,2
高层西南朝向,2
美地雅登祥吴二里,2
沧翔路花园,2
诚意卖！高层视野开阔,2
寻找有元人,2
中式风格,2
交通便利进岛快！,2
离岛内近,2
教育家门口,2
可看湖景,2
家具家电齐全,2
金海湾,2
省优延奎,2
泰地海西中心,2
采光好格局方正,2
大厨房,2
文园公寓二期,2
滨海上城,2
朝南大阳台,2
3房户型方正,2
环东海域精装四房,2
出售！,2
正地铁口,2
世茂品质,2
福满山庄,2
此房采光充足,2
瑞景苑,2
大平层4房,2
新装修拎包入住,2
通风采光很好,2
视野很远,2
室内安静,2
世茂御海墅精装三房,2
方正,2
此房一梯两户,2
安静不靠路,2
朝南2房,2
宝龙一城,2
地段很好,2
离地铁口近,2
楼下带房间,2
世茂璀璨天城,2
花园别墅,2
双拼别墅,2
万科金域华府二期,2
前埔,2
汇景新城中心,2
进岛便利,2
可看海,2
使用率大,2
次新小区,2
保利和光城悦,2
带大露台,2
带天台,2
有钥匙看房方便,2
华永天地,2
可看海景,2
产权满两年,2
看房提前约,2
南北通透大三房,2
公园,2
舒适,2
有二装,2
户型漂亮,2
户型好全明结构,2
房子格局好,2
建发央著二期,2
brt,2
大三房。,2
正规四房,2
一梯二户,2
高层全海景,2
禹洲大学城大三房,2
双卫,2
看房提前预约,2
地铁后埔站,2
使用两层,2
美地雅登一里,2
省个税,2
小高层,2
联排别墅,2
精装修拎包入住,2
业主急卖,2
04年,2
一,2
唯,2
两,2
旁,2
南北通透三房,2
天然氧吧,2
环境优雅,2
采光明亮视野宽,2
诚意卖,2
保养新,2
罗宾森二期,2
安静舒适,2
云顶,2
阿罗海,2
ioi世茂商圈,2
光照充足,2
高层三房,2
海沧湾公园,2
上学近,2
滨海社区,2
高层精装,2
自住,2
枋湖凯悦新城,2
产权满二年,2
南北通透3房,2
空气好,2
精装大四房,2
户型方正大三房,2
业主自住精装,2
叠墅,2
自主装修,2
金尚,2
万达,2
莲花一村,2
朝南三房,2
居住舒适,2
产权满2年,2
产权满5年,2
江头公园旁,2
不靠路,2
西南朝向,2
看房约,2
省个,2
两房两卫,2
西北,2
采光足,2
外国语,2
双阳台户型,2
业主稳定卖,2
海上五月花,2
三房二卫,2
建发,2
一线海景房,2
自住精装三房,2
视野开阔无遮挡,2
精装修3房,2
高层看湖,2
南北通透大四房,2
新装,2
安静不吵,2
无贷款随时过户,2
万达商圈,2
sm旁,2
视野开阔。,2
未来橙堡,2
将军祠地铁口,2
两梯三户,2
采光无遮挡,2
标准2房,2
楼层高视野好,2
拧包入住,2
环境好,2
精装修可拎包入住！,2
鸟语花香,2
精装3房2卫,2
万象城地铁口,2
地下一层,2
南北2房,2
中层,2
小区中庭位置,2
采光不错,2
一手业主,2
名汇广场,2
全明设计,2
前埔北区,2
适合自住,2
滨东小,2
禹洲精装修三房,2
龙湖精装四房,2
地铁一号线,2
边套三面采光,2
楼层采光好,2
看中庭位置,2
业主稳定,2
带阳台,2
高层看全海景,2
设计合理,2
天宝大厦,2
莲坂西小区,2
正规大4房,2
世茂璀璨天城二期,2
精装修大四房,2
好位置,2
好户型,2
集美海上五月花,2
招商花园城旁,2
进岛方便,2
近嘉庚配套齐全,2
滨水二里,2
店长力荐,2
高层朝南2房,1
价钱合理,1
此户型楼层高,1
南北通透两房格局,1
可以免5.3%的增值税,1
房子已经满两年,1
首付50万轻松留厦,1
07年电梯高层,1
三地铁口,1
08年电梯东南朝向目前是小俩房,1
万科金域蓝湾二期138平户型,1
边套使用多,1
橡树湾四期,1
有天有地有花园带地下室和游泳池,1
碧海湾独栋看海别墅,1
高层南北通透双阳台,1
新小区电梯配套齐全,1
低总价精装两房。,1
学府旁,1
售,1
出,1
意,1
诚,1
高楼层视野佳,1
嘉盛中间位置大三房,1
湖边水库大平层,1
房子满五,1
未来海岸蓝月湾二期精装三房业主诚意出售,1
金盛花园,1
满五！,1
改单间出租,1
嘉盛豪园,1
海沧湾地铁口,1
大露台房,1
全明结构。,1
安静采光好,1
不靠铁路,1
小区带有会所,1
中式园林,1
次新房2017年,1
南北安静,1
阳台,1
一梯两户两房,1
价格美丽啊,1
全小区优质的小两房,1
业主诚意卖。,1
中福城地铁口精装带电梯楼中楼,1
复式楼毛坯,1
南北通透。,1
小两层,1
轮渡八市,1
曾厝垵3号地铁口精装小三房出售,1
滨东。。,1
03年,1
房屋装修比较清爽,1
特房山水新座,1
繁华地段。,1
方便停车,1
此房已经满五户型好,1
自住保养,1
业主二次装修,1
万科精装两房,1
一楼门口可用,1
小区有篮球场,1
宝龙旁,1
中骏蓝湾尚都三室两厅,1
视野广,1
江头公园高层朝南,1
高层单身公寓,1
业主自住保养,1
禾祥西建发品质电梯南北向3房诚心出售。,1
房近地铁口,1
雅居乐御宾府3房2卫,1
89平三房两卫,1
高层看中庭,1
96平精装两房,1
国贸新天地,1
刚需精装两房,1
带独立前后花园使用面积大,1
别墅社区叠加别墅下叠产品,1
康乐新村二期,1
南山路正规南北两房,1
40平大客厅,1
新中式精装,1
大平台带入户花园,1
中间层,1
楼层好位置佳,1
看海大四房,1
拎包入住！,1
锦绣洋房,1
新莲岳里,1
进出岛快,1
高楼层大五房,1
岛内淡水公园,1
湖边水库片区,1
锦绣精装两房,1
真实在售,1
环境很好,1
有小区绿化,1
万达诚心出售,1
雅居乐御宾府,1
锦绣翔安洋房一楼带地下室产权201使用面积450平,1
停车方便。。。,1
衣食住行方便,1
旭日大3房,1
全南户型,1
满五省,1
锦绣独门两房,1
锦绣祥安单身公寓,1
标准三房子,1
品质小区。,1
美地雅登,1
改好了两房,1
金帝中洲滨海城二期,1
露台多,1
地上三层,1
联排边套,1
边套大阳台,1
绿苑洋房系列,1
带车库,1
四层半,1
锦绣祥安四期精装三房,1
高楼层看山看筼当湖景观,1
国贸怡祥大厦,1
动静分离户型,1
中低楼层,1
毛胚房,1
邻近江头公园,1
精装电梯高层,1
三房两卫。。。。。。。。,1
国贸璟原边套,1
东南向前排海景,1
双十旁边,1
沿湖一线,1
品质社区,1
精装电梯大4房,1
采光视野佳,1
锦绣三期正规两房,1
格局方正。交通购物方便。,1
思明区封闭小区的大三房,1
无公摊,1
巷西大三房,1
中山公园旁,1
地铁壹号线中山公园地铁口,1
电梯高层南北,1
brt交通便利,1
莲坂地铁,1
看房随时！,1
电梯单间出售,1
此房准电梯字已签。二房朝南,1
精装房,1
华岳山庄封闭式小区大平层4房2厅3卫,1
一梯两户带电梯,1
高层精装修,1
松柏华庭,1
精装自住装修,1
惠鸿花园,1
水晶湖郡华大片区沿湖前排位置安静看湖景观,1
滨水二里精装修二房,1
精装温馨小三房,1
莲花新城悦园,1
新港龙花园,1
生活配套齐,1
满足三代人住房需求,1
罗宾森二期封闭管理小区小户型,1
满五金秋花园两房中间楼层南北向小区中庭,1
视野好看湖,1
祥和广场大3房,1
诚意出售！！,1
二次软装,1
好楼层好楼栋,1
厅带阳台朝南大两房！出行方便！适合刚需购房群体！,1
中环花园,1
锦绣祥安精装单身公寓楼层好采光好看房方便,1
万科大两房业主诚意出售,1
自住精装大两房,1
精装修大两房,1
嘉盛正规三房南北通透双阳台,1
万象城商圈罗宾森二期带小区自带幼稚园,1
看中庭安静,1
凯悦新城高层朝南一房,1
双卫设计,1
书包就在家门口,1
精装修边套三房,1
特房品质小区,1
大房间,1
三房两厅,1
此房满二省增值税,1
地铁二号线,1
楼中楼3房2厅2卫,1
同安新城,1
阳光明媚,1
高楼层海景视野佳,1
海景一排,1
彼岸小区,1
未占用,1
产权证满2年省税,1
精装5方,1
联发五缘湾一号,1
满二省税,1
锦绣翔安,1
新景七星楼中楼,1
进岛快,1
温莎公馆旁电梯楼中楼前后带露台南北通透,1
精装电梯高层2房,1
火车站烫金地段,1
房子业主自住保养不错,1
交通配套成熟,1
挑高户型,1
精装小户型,1
免物业费,1
业主置换诚意出售,1
益辉花园,1
看园博苑一线海景,1
四房通透,1
高楼层精装修,1
中航城a,1
有天有地大花园,1
保利大别墅,1
拎包可住,1
滨安花园南北大三房,1
杏锦路地铁口600米,1
此房配套齐全,1
边套视野好,1
2000年思明区正规一房,1
日照时间长,1
拎包即可入住,1
新装婚房,1
前后有院子,1
未来海岸浪琴湾一楼大三房,1
价优可谈,1
思北小旁低总价朝南2房精装带家电拎包入住,1
此房业主自住精装,1
视野开阔.高档装修.,1
前无遮挡,1
买房带车位,1
舒适户型,1
海沧天源,1
全屋智能家居,1
精装修2房,1
同安大唐世家三期,1
东边套采光好,1
多9平方入户,1
在小区中庭,1
户型朝南,1
高楼层的精装两房,1
高层朝南户型,1
禹州云顶国际,1
底价格,1
07年封闭式小区,1
嘉庚体育馆,1
泉水湾复式2*办公楼,1
刚需小两房,1
户型方正居住舒适,1
鼓浪屿南北通透两房,1
龙湖春江彼岸二期,1
海晟稀有一房,1
前后双公园,1
三房两厅两卫双阳台,1
本小区经典户型,1
明厨明卫。,1
格局方正。,1
电梯2梯3户,1
2梯4户大三房,1
通风好！,1
全明通透格局。,1
六楼实爬三层,1
稀有小户型,1
华林金盛,1
自带幼儿园地铁口,1
罗宾森二期小区,1
厨卫全明,1
槟榔花园,1
2层复式楼,1
自住精装修可入住,1
集美桥头一线海景,1
对望五缘湾,1
居家,1
朝东南看海,1
房子保养很新,1
挑高4.9m,1
soho,1
精装修优质房,1
只有一套,1
特殊户型,1
黎安小镇,1
马銮湾乐活岛精装,1
怡富花园2005年建电梯高层精装修4房可以直接入住,1
地铁2线,1
2房2厅,1
一口价258万,1
已经看好房交了定金,1
业主换房急卖,1
北附2楼带路台,1
不吵闹！,1
靠后一排,1
坐北朝南,1
3房南北,1
美仁新村旁,1
豆仔尾,1
高层看海!!!,1
嘉庚体育馆三开间朝南格局方正,1
天心岛高层朝南两房,1
社区大,1
比邻海沧生活区,1
首付不高,1
刚需电梯小两房,1
可看湾景,1
两面大玻璃采光,1
精装东南边套小复式,1
两卧朝南,1
莲花五村龙华里,1
采光好视野好,1
地铁小二房,1
岛内松柏地铁口单身公寓,1
顶层天台方便使用,1
区政府旁,1
2018年楼盘,1
自带五千每平方精装修,1
莲坂龙辉花园大三房中间楼层双阳台双卫,1
精装1房满五业主诚意出售,1
火车站世贸国际,1
独立用,1
温馨光线好,1
轮船宿舍小区大3房边角套,1
复式三房两卫,1
639万,1
宝福大厦,1
湖滨南路,1
水晶森林+花园入户+格局方正+全明格局,1
现在欲望出售全天采光,1
原版格局无改,1
源昌打造品质小区,1
08年封闭小区,1
特房银溪温呢花园,1
挑高楼中楼买一层使用二层精装三房二卫空户,1
双涵路口,1
南北通透精致小三房,1
封闭式品质小区,1
全盘高性+价+比房。,1
用270㎡,1
豪+装5房,1
都市华庭,1
业主诚意价出售,1
三源泓,1
五缘湾海景房,1
看房便利,1
房源诚意出售,1
厦禾路花园小区朝南挑高楼中楼自住精装使用面积大空户,1
多一阳台,1
时尚国际08年,1
火车站华星大厦电梯中高层三房采光好户型方正拎包入住,1
使用面积近两层,1
高层视野看海景,1
万寿北路,1
裕发广场电梯朝南带大阳台位置好阳光充足空户拎包入住,1
光线好空户,1
均价樶低,1
电梯中层小户型,1
火车站花园小区,1
朝南全明采光空户,1
厦禾路电梯挑高楼中楼,1
地铁1号线杏锦站,1
边套视野采光好,1
龙湖春江郦城二期,1
莲花国际,1
门口就是公园,1
近,1
中山路附,1
高层两房,1
湖边花园东区,1
有钥匙看房随时可以朝南3房2厅,1
火车站华星大厦电梯高层正规三房朝南全明户型阳光很好,1
板式结构,1
高层看湖海双璟,1
加州海岸,1
电梯中层两套合成一套三房二厅二卫免个税,1
低总价三房,1
低总价格,1
南北通透全明两房,1
鹭槟大厦,1
高层朝南大阳台,1
光明大厦,1
斗西路,1
通透双阳台,1
产权满五免个税,1
诚心出售,1
高层视线良好,1
东南向两房,1
看房基本随时,1
全新欧式风格,1
精装两室,1
湖里枋湖联发欣悦园大2房,1
业主急卖看房方便,1
美地好房看过来,1
适合三代人居住,1
老房子可以翻建.实际面积大.上下两层,1
高使用率,1
海沧区政府,1
绿家园经典2+1房,1
4室3厅,1
银福小区,1
诚意售低总价,1
百万精装。,1
不沿街,1
b区中楼层朝南户型通风采光好,1
万达广场低总价,1
使用4层,1
带沿街店面,1
思北小门口,1
拎包入住3房。,1
省优大同,1
此房海城花园,1
龙湖春江郦城高楼层复式满二业主稳定出售,1
高层精装大4房,1
凯旋广场,1
罗宾森旁,1
连廊大阳台,1
精装修大三房,1
天湖新上,1
江头公园旁南北边套户型东南北三面采光,1
经典房型,1
酒店式社区,1
2017次新房,1
滨北2号地铁口,1
精装正规三房总价低,1
南北3房急售,1
裕康花园,1
火车站莲坂,1
电梯中楼层,1
万象城地铁1号线,1
绿家园,1
南向阳光好,1
天源精装大二房,1
小崔推荐必属好房挑高户型全景高尔夫,1
莲坂富山电梯高层复式楼中楼边套两房出售,1
视野好南北通,1
使用面积大全明格局,1
水晶森林,1
..,1
治安好,1
产权70年普通住宅,1
可以看部分海景,1
蓝湾半岛舒适大三房,1
特房山水杰座电梯高层4房,1
阳光光线充足,1
朝南精装两房,1
官邸挑高复式楼中楼,1
居住环境优,1
电梯两梯八户小户型,1
厦禾路复式楼中楼官邸大厦改上下两套朝南,1
地铁社区,1
在蓝月湾s区,1
东南朝向.无按揭,1
此房源诚意出售,1
精装修4房,1
21年次新小区,1
直面看湖景,1
蓝水郡方正户型,1
距地铁口近,1
八房四卫,1
儿童公园旁,1
电梯小户型,1
金榜公园,1
采光通风俱佳。装修直接拎包入住,1
健康楼层,1
落地全海景,1
31平,1
朝南小户型,1
税收少诚意出售看房子方便,1
温馨三房中间楼层,1
福洋花园,1
朝南全明户型。,1
杏林华铃花园看中庭户型精装两房,1
三开间朝南,1
槟榔正规三房,1
火车站新盘海峡国际天璟开发商精装三房,1
江头公园一却都有。,1
银行,1
台湾街南北通透,1
拎包入住大两房,1
总价低.单价低南北通透标准大三房,1
四房,1
森林海,1
杏林桥头越式3层独立使用天台朝南看海诚意出售房方便,1
高层精装三房,1
马銮湾三地铁交汇处毛坯中叠北入户花园,1
可直接拎包入住,1
小2房低总价,1
房子位于东渡商检车站旁边交通方便,1
少,1
这种房子比较,1
门口有300平可以自己用,1
1楼,1
靠湖一排,1
管理安全,1
环境优美.视野好,1
复式四房.采光好,1
水晶湖郡方正标准景观大四房诚意出售,1
实用面积大。,1
龙湖物业,1
高品质小区,1
金秋豪园,1
一级企业资,1
地铁双线,1
双brt快线,1
中海品质精装大三房,1
共和大厦,1
产权满二税费少,1
精装修小三房,1
高层景观房！,1
维多利亚精装修4房,1
金象二期高层,1
是居家装修,1
此房,1
本房满两年采光充足视野宽阔拎包入住楼层好,1
看大中庭花园,1
改好了三房,1
永升彩虹花园二期,1
万科城中楼层二次精装四房,1
业主诚心卖房,1
东南向大三房二卫,1
通风朝南,1
温馨户型,1
橡树湾业主自住,1
莲坂圈段,1
全名格局,1
高装,1
莲坂电梯高层,1
湖海双景外国语,1
海沧天湖城地铁口,1
空户厅带阳台朝南,1
视野阳光充足,1
权证满5,1
低总价精装两房,1
两个大阳台,1
朝南产权满五,1
环东海域中海万锦熙岸精装三房,1
海德公园一期,1
业主稳定在卖,1
改善通透四房,1
高层一线海景,1
好停车,1
04年精装三房,1
万寿北路南北全明两房房东诚意出售价格好谈,1
方正大2,1
朝南北,1
近地铁厦门院子b区三梯四户高层边套四房业主急售,1
仙岳山脚下厦工花园带独立露台业主诚意出售,1
拥有私密生活的居家房源,1
远离城市的喧嚣,1
泉水湾仅这栋两梯三户,1
精装东边套大三房,1
大两房双阳台,1
地铁口2006年花园小区,1
近地铁商场,1
上诚毅,1
杏锦路免双税好房,1
4+1房,1
精装大边套,1
小区绿化优。,1
采光充足海景房,1
侨鑫花园此房满五,1
未来海岸蓝月湾正规三房视野开阔精装修阳光充足采光好,1
瑞景商圈电梯优质2房户型好。。。。。。,1
华孚花园,1
东南全明采光正规三房,1
3小在楼下,1
带储藏间,1
自住不二选,1
海景三房,1
高层朝南精装,1
邮轮城,1
电梯正规大三房,1
洋房,1
万科城四期,1
空间使用率大,1
芸溪三期,1
太微花园,1
海沧万科四期三房两卫看中庭,1
户型方正楼中楼,1
方正采光好,1
大海就在你家楼下,1
房产站低楼层适合居家,1
土地出让金未交,1
带装修,1
华玺海景四房,1
双十边上,1
实小,1
新店泰禾商圈,1
首开领翔国际正规两房,1
没占用可度书,1
满2省税,1
楼梯房朝南,1
地铁方便儿童公园,1
万科精装大三房,1
建发书香府邸三房,1
建群花园三面采光2000莲花状元小区,1
将军祠,1
高楼层朝南两房,1
万寿路带小区南北两房好楼层诚意出售,1
装修很好,1
恒亿精装四房,1
文灶地铁口精装两房出售,1
诚意售房,1
前后花园,1
7.2m大面宽,1
天有地别墅,1
南北好户型,1
家门口是卧龙brt,1
源昌大厦,1
中央美地,1
太微三期,1
小区品质好,1
地铁交通方便,1
大平层,1
园博一号温泉入户,1
莲前龙山桥brt,1
朝南好楼层,1
南北通透小区中庭诚意出售,1
龙华里楼层适中,1
330万买3房,1
思明区卧龙晓城旁,1
业主诚意出售精装修此房通透性好,1
大三房户型,1
五缘湾新景国际外滩精装朝南b户型业主诚售,1
古龙明珠上下错户型,1
延奎旁正规两房,1
特房银溪墅府图尔花园,1
龙山二期电梯高层三房两卫出售（全明户型）,1
安仁里小区,1
功能性强。,1
带入户空间,1
南通通透格局,1
有小区,1
同安古庄,1
滨北总部旁筼筜畔随时看,1
总价优惠,1
松柏长升大厦精装1房1厅,1
松柏sm文化宫客厅挑空楼中楼使用300平有露台,1
带两个车位,1
奢华装修上下四层半高使用,1
软三旁天地别墅,1
侨福城二期06年花园小区满五正规三房一梯两户,1
中间套三房诚意出售,1
央企大品牌,1
九龙城电梯高层,1
功能区域完善,1
空间布局合理,1
聚泰电梯高层楼中楼朝上走精装南北通透地段繁华天然气,1
社区自带1500平生鲜市；有闽篮城市广场,1
禹洲花园,1
满二精装大两房,1
万科城四期全明三房,1
高层全明结构,1
莲花2000年小区,1
2t4户,1
特房,1
边套入户,1
万达商圈高层精装4房,1
罗宾森广场\u3000三房两厅两卫\u3000高层\u3000居家装修\u3000大阳台,1
入户岛内好选择单身公寓,1
联发大四房视野开阔看海景,1
朝向西南,1
松柏片区,1
南北通透看马銮湾一线海景,1
马銮湾精装3房2卫,1
嘉滨。,1
总价不高,1
育青路三房,1
居家适宜,1
莲花南北通透大三房！楼梯2楼,1
03年电梯,1
英才商厦,1
新金花园南北通透格局方正框架,1
不临街。无噪音,1
厦门院子高层毛坯三房,1
使用面积多,1
边套大花园,1
叠墅下叠,1
集美新城国贸天悦,1
国贸东城合院精装,1
6米挑高,1
精装自住复式楼,1
高层看海看湾,1
213.8万蓝月湾二期两房拎包入住,1
中高楼层视野开阔,1
sec泰地海西写字楼.高层看海,1
文灶地铁口旁正规两室一厅出售499万,1
采光好交通便利,1
复式5房出售,1
房屋通透明亮,1
方正户型采光通透,1
禹洲一期,1
可玲包入住,1
前面视野无遮挡,1
21年厦门建发玺樾次新房现房户型4房一梯一户,1
高楼层无遮挡拎包入住,1
精装70w,1
厦门院子b区,1
东坪安置房小区,1
业主诚出售,1
框架全明,1
莲花地铁口,1
中层看中庭,1
带二次精装修,1
高层东南朝向1房1厅急售,1
客厅带阳台朝,1
年限新,1
中式园林式社区,1
2021年建发次新房,1
新纪元采光充足靠小区安静楼栋.,1
厦门地铁口150米精装大两房保养好拎包入住,1
厦门华玺,1
享受墅质生活,1
客厅挑高,1
采光好双阳台。精装自住的。交通便利,1
莲花五村龙盛花园,1
三面采光3房2厅2卫稳定在售,1
图尔花园,1
3房全朝南,1
祥发广场,1
满五一,1
天伦花园格局方正,1
南北看中庭,1
08年花园小区,1
阳台山比较好的位置,1
正规的小两房,1
国贸品质精装三房两卫高楼层视野开阔,1
品质保障,1
保利开发,1
毛坯小三房,1
泉水湾三期,1
北附低总价入门级单间1套房【助你安家厦门不再漂泊】,1
成熟地段,1
中庭位置诚意出售,1
建发中央美地,1
精装拎包住,1
高层东南北三面光,1
新上,1
海沧水岸名筑,1
有入户花园,1
采光通风效果好,1
正规朝南,1
东南北全明户型,1
高楼层双阳台精装修3房,1
高层三面采光,1
院子b区3房2厅2卫,1
南北朝向格局方正,1
人车分流近公园,1
莲花05年封闭小区,1
南北通透可拎包入住,1
看湖看海电梯高层,1
21年新装80万,1
西南北三面采光办公装大四房,1
视野开阔楼层好,1
莲花地铁口电梯大三房莲花,1
精装小三房诚心出售,1
集美交通枢纽要地,1
中山路商圈,1
楼梯低层,1
正规大二房南北,1
厦门一中旁,1
双阳台西南,1
金榜公园旁,1
户型方正高层采光好,1
阳台山路19-25号,1
2000年小区,1
永升新城一期,1
2房三面采光全明户型楼层好,1
家住五缘公园旁边,1
坐拥3大商场,1
五缘湾旁,1
地铁口园博苑,1
湖海景房,1
园博一号,1
470万,1
108平,1
国贸天悦边套,1
业主自住壕装,1
枋湖满五省1.5%个税,1
铁路公园小套一房一厅居住,1
思明南路,1
生活从此与众不同！满五,1
鸟语花香看日出月升！,1
特房品质大俩房,1
安静社区,1
九竹巷,1
莲花电梯高层两房！东南向！精装修！小区中庭位置！,1
3面采光,1
新景华府二期,1
毛坯可挑空可倒板,1
大5房3卫格局,1
自住精装一房稳定出售,1
电梯大单间,1
建行公交车站,1
目前经营民宿,1
独门独栋,1
鼓浪屿带小花园别墅,1
小区中庭位置。,1
精品小一房！高层采光好！无遮挡,1
北附社区旁,1
海沧未来海岸蓝月湾二期,1
正规小三房,1
莲坂高层电梯房,1
装修200万元,1
3+1房,1
标准2方,1
高层朝南大两房,1
瑞景墩仔家园,1
光线好。,1
房间格局方正,1
沿海前排,1
02年花园小区,1
文灶,1
...................,1
精装通透四房,1
禾祥东,1
福满园,1
瑞景新村南北通透好房,1
业主诚意出售！,1
跃层,1
精致,1
瑞景新村,1
业主,1
瑞景公园旁,1
大3房,1
全明中层,1
生活区电梯两房精装修拎包入住,1
莲岳里小区东区,1
南北大三房,1
银龙广场二期,1
随时可签,1
福津大街正规大两房,1
集美沿湖低公摊多阳台通透奢阔大四房,1
价格低,1
看房方便有锁匙,1
总高18楼,1
朝东面湖,1
莲花新城大户型,1
带大阳台。,1
旭日海湾三期电梯一房,1
精装3房近教育小区环境好,1
龙湖春江彼岸,1
马銮湾,1
高层电梯大两房,1
精装空户无贷,1
精品公寓,1
高层视野宽广。,1
即买即住,1
地铁口精装公寓,1
学习近,1
楼下图书城,1
地铁口朝南精装公寓,1
满五*一免个税,1
地铁口交通方便,1
泳池,1
华林金盛花园电梯温馨两房业主诚意出售看房子方便,1
中楼层看一线海景,1
近地铁交通便利,1
看房随时方便房子,1
桥头,1
高层海景四房西边套四房三卫低公摊,1
文灶地铁和brt旁,1
可以随便买,1
领包省心,1
融信二次装修两个卫生,1
满五没有抵押,1
曾营大三房,1
嘉禾路靠sm鑫景地朝东小户型,1
室内另有大阁楼间独立使用,1
双拾教育,1
带泳池,1
园林社区,1
朝南看海,1
禾丰新景,1
有锁,1
业主精心设计拎包住,1
北附电梯一房一厅,1
看小区中庭绿化水秀,1
天源满5年就一套,1
南北通透楼层好【对望双子塔】,1
海沧双地铁口海景三房,1
随时可看可交易,1
万达商圈精装三房,1
主卧朝南带阳台,1
花园小区禹洲正规三房两卫,1
集美桥头嘉庚旁,1
正规楼中楼,1
免个税大2房急卖,1
南北通双阳台,1
好改造,1
文灶地铁口钨业宿舍96年小区西南北三面采光,1
配套全二胎好选择,1
大四房格局好,1
彩虹花园三房两厅两卫明厨明卫户型方正,1
安静不吵闹,1
居住舒服,1
精装大3房,1
新景龙郡,1
玉泉花园,1
乌石浦地铁口,1
看海三房朝南,1
小区自带泳池,1
7室2厅,1
厨房多很大。,1
房间,1
这套房子动静分离,1
欣家园单身公寓装修清爽,1
世茂d区德式园林,1
诚售！,1
采光通风,1
阳光城高层两房,1
温莎公馆15年次新房,1
有两个大阳台,1
朝东采光好,1
正规大两房好改3房,1
浦南新村,1
看湖景采光好,1
地铁口3房,1
马銮湾乐活岛高层精装近地铁诚意出售,1
海沧马銮湾1.7万方综合体旁海投第一湾87.10平,1
融创云潮府业主自住精装未入住诚意出售,1
雅居公寓,1
江头地铁口二号线金彩花苑2005年人车分流,1
3开间朝南,1
1998年小区,1
电化宿舍,1
邻松柏公园。,1
此房位于松柏繁华地段,1
高层看湖精装三房！,1
沿湖品质小区,1
集美新城核芯,1
海沧临港新城区近岛望远海海景房花园式小区,1
湖明南北通透两房,1
诚意出售看房约,1
俯视整个小区,1
便利,1
世茂湖滨沿湖前排看湖景,1
北附体育校区,1
精典一房,1
蓝水郡高层,1
做北朝南,1
金元宝户型,1
宽视野精装房。,1
两梯两户纯板楼,1
户型方正南北朝向,1
世茂楼中楼,1
业主诚意出,1
隧道口会展旁透大三房,1
可用160平,1
可装修成自己心仪的风格,1
随时可看房,1
123平四房出售,1
正规一居室,1
彩虹花园,1
业主诚意,1
嘉庚入口处,1
泛华大厦,1
龙湖春江郦城复式,1
10年内的小区·,1
精装大4房,1
湖景,1
经典南北户型,1
2016年万达片区高品质小区,1
带入户,1
此房户型好,1
五缘湾国贸品质,1
看房方便免双税,1
前排四房湖海双景凤凰城业主诚售,1
天湖,1
联发杏林湾一号一期,1
国贸蓝海,1
东区,1
名厨明卫,1
南北东三面采光方正标准三房,1
配套齐又安静,1
杏林湾旁,1
靠湖边,1
集美新城边套大三房,1
刷卡入户,1
环东海域彩色跑道旁,1
央企保利叁仟栋洋房,1
业主自住精装2房,1
特房朗玥公馆,1
环东海域特房银溪墅府精装大三房,1
一线瞰海无遮挡！,1
恒亿拎包入住精装修好房,1
总监力荐,1
刚需福音,1
金帝中州滨海城小三房,1
金帝中洲滨海城南北通透朝南带阳台大3房,1
江头地铁二号线泰和花园,1
朝南通透,1
含车位,1
禾祥西泛华大厦电梯两房两厅拎包入住诚意出售,1
大阳台使用面积大,1
全屋大理石白玉兰,1
南北6房,1
集美桥头大3房,1
电梯高层看筼筜湖,1
6房,1
悦华旁,1
好楼层南北,1
福龙公寓,1
换房诚售,1
万象里旁,1
松柏公园,1
视野宽阔.采光充足,1
南北格局好楼层好,1
万禾春天,1
通风采光佳,1
地铁口丰泽苑全明三房诚意出售,1
经典4房,1
花园社区,1
居家品质装,1
临万象城,1
滨北共和大厦,1
湖边高层2房,1
一房一厅,1
科技旁,1
闽篮,1
精装南北通透4房,1
湖边水库三梯三户三面采光,1
高层全南户型,1
客厅带阳台朝南。安静3房,1
产权证满两年,1
2.5房,1
高配,1
全屋精装,1
近湖心岛,1
两梯四户。精装拎包入住诚意出售,1
华铃花园中庭楼栋,1
新社区,1
奢居大4房,1
二次精装80万,1
使用面积大诚售,1
中层采光好,1
买电梯两房s,1
鹭槟大厦首付100万,1
邮轮城地铁口,1
2005年,1
世茂湖滨首府d区,1
带空中花园,1
无遮挡看房方便；游泳池看海,1
五月花五期精装3房,1
日照充足,1
看海看桥,1
产权清晰没按揭,1
可种花种菜带露台,1
台北新村使用200平楼中楼,1
假日花园\u3000地铁ｂｒｔ旁\u3000边全套\u3000两房\u3000采光好\u3000空户,1
铁口,1
莲坂地,1
楼层好居住安静,1
一旁,1
莲板外文图书,1
东南北,1
金帝复式楼,1
实际使用三层,1
集美新城上叠别墅,1
采光通透性好,1
地铁口两房,1
精装4房拎包入住,1
滨北16年次新房,1
新出,1
绿化好。,1
文灶封闭小区。不沿街环境优美,1
小复式户型。采光好,1
随时签约,1
电梯高层朝南日照充足,1
火车站人车分流花园小区,1
产权在手s,1
带4阳台,1
紧凑楼中楼,1
瑞景电梯朝南两房,1
朝南大两房高楼层,1
房东急售价格好谈,1
翔安两房,1
真材实料,1
自己住装修,1
嘉庚体育馆南北通风格局方正,1
出岛首站家门口的brt！一线海景房！,1
看海别墅。东南北无遮挡！毛坯随意发挥。,1
云海山庄,1
莲花禾丰新景次新花园小区,1
恒亿尚品湾一线海景两房毛坯看马拉松无遮挡,1
降60万！安家在美丽的湖边！225平大house仅售1339万！,1
小区闹中取静！,1
台湾街福洋花园精装修两房,1
看中庭b户型,1
利用率高,1
海德公园洋房复式楼中楼,1
b户型,1
无浪费空间,1
独特魅力,1
五月花紧凑三房,1
带露台三房,1
特房五缘尊府,1
边套看海大平层,1
新景国际外滩空间大视野好海景楼中楼,1
汇景单身公寓,1
930万,1
正规精装三房,1
实验旁,1
对流,1
经典三房,1
汇景边上,1
视野好。,1
翔安区政府旁,1
全明格局户型方正格局方正业主诚意出售采光通风好,1
产权满2年两房,1
sm商圈乌石浦地铁口南北通透正规大两房,1
带窗户,1
双地铁口南北通透空户采光户型好,1
北通透,1
真正南,1
岛内17年次新房,1
客厅挑空。,1
电梯高层大三房近地铁,1
航空大厦,1
高层自住装修,1
西雅图精装四房两卫,1
出租自住皆宜,1
地铁后埔站200米,1
电梯露台,1
产权证满二,1
夜景特美,1
直看园博苑,1
楼栋安静,1
西南朝向。,1
定安小区高层电梯房诚售,1
集美新城恒大帝景边套精装三室,1
4房楼中楼,1
标准大两房,1
前埔北区一里精装楼中楼诚意出售,1
带煤气管道,1
校门口,1
前埔brt旁电梯高层3房,1
小区配套齐全,1
便宜出售,1
首开,1
看海效果好,1
产权清晰满二,1
精装3房2厅,1
保利叁仟栋一期,1
俩房来了,1
大大大大,1
大二房中层,1
客厅阳台朝南,1
实际使用面积大,1
看中庭不吵+,1
海景精装三房,1
小区内架空层上,1
集安广场,1
源盛花园,1
近会展体育新城,1
进出岛交通便利,1
商圈,1
ioi,1
电梯3房精装,1
联发滨海,1
精装可拎包入住,1
高层复式四房,1
联丰商城电梯精装大2房全明户型,1
前后无遮挡可看内海,1
边套大平层视野好,1
挑高楼中楼,1
南北朝向正规两房,1
楼层位置佳,1
人文烟火气,1
厦大老城区,1
250平,1
挑空,1
大洲国际龙郡,1
明发半岛祥湾b区,1
牡丹酒店旁正规大三房电梯房交通方便客厅带阳台朝南呀,1
sm旁3房2厅楼中楼,1
露台,1
带,1
汇景新城,1
入户花园厅朝南,1
新景天湖靠湖边的户型,1
国贸品质社区视野好无遮挡,1
03年3房,1
火车站莲坂富山,1
看房时候陪,1
花园小区低总价,1
电梯四房二厅二卫南北通透全明,1
阳台带小露台看中庭,1
业主急售价格好谈,1
翔安隧道口奥特莱斯旁,1
金庄花园,1
美地雅登两房客厅带阳台,1
空户空xue位上车小户型,1
集美桥头brt旁大三房通透户型位置安静,1
能看海,1
四开间朝南,1
此房已经满五年,1
复式楼中楼。稳定出售,1
满二看海,1
翔安南,1
住家精装,1
宽敞明亮,1
两房户型方正,1
西接体育馆,1
南临筼筜湖,1
此房大三房,1
精致小三房,1
小区里生活气息浓厚,1
闽南城市广场旁,1
外国语翔城,1
瑞成大厦,1
正规2房户型,1
绿苑新城三组团,1
自住精装领包入住,1
管理严格,1
国贸同悦,1
适合居住。,1
格局规整,1
朝南视野无遮挡,1
火车站tod,1
08年小区,1
全小区z低价,1
片云居,1
带70平花园,1
基本没住,1
配套好,1
少有低楼层湖滨e居精装单身公寓,1
抽教科院,1
莲花国际地铁大2房,1
带三个阳台,1
业主自住大三房出售,1
集美桥头。产权已经满2年。业主换房诚意出售。,1
改好的两房,1
环东海域大三房,1
高层海景大四房,1
保利叁仟栋二期,1
一梯2户..,1
天鹅美苑,1
三房自住装修,1
繁华地段电梯两房,1
看老城区,1
夜景漂亮,1
泉水湾高层精装两房,1
省优四幼！,1
brt总站就在家门口,1
朝南单身公寓,1
离校近,1
高层海景,1
水晶公寓,1
xue校旁,1
思北2005年,1
业主诚意出售。用两套,1
光线足,1
单价低！产权清晰,1
面积使用3房,1
特殊的房源,1
恒大帝景精装大三房,1
上松柏,1
朝南视野好,1
大露台,1
跃三层楼中楼,1
离1小近,1
文教区小两房,1
无遮挡视野好,1
此房朝南,1
高楼层南北通透三房,1
阳光充足。,1
新出洪文brt旁电梯2房,1
封闭小区两房带电梯高层采光好,1
国贸品质社区,1
得房高,1
火车站大3房,1
法式园林,1
通透大三房,1
高楼层。视野佳。,1
楼层位置均适合购房需求,1
临海一线居住舒适,1
联发杏林湾一号精装自住大三房,1
看小区中庭；使用面积大..,1
主卧带朝南,1
出岛即达,1
古龙御景大平层,1
附加一个大露台阳台,1
可自由设计装修,1
毛坯房,1
特房品质正规三房两卫,1
小区里面安静！,1
枋湖全明结构高楼层三房,1
3梯6户高速电梯,1
中间楼层通透户型,1
小户型梯户少,1
精品1房,1
莲坂富山地铁口,1
龙华里房子三房,1
朝南。,1
1房1厅,1
交通购物方便,1
江头站,1
金岭花园二号地铁,1
装修保养好,1
房子是电梯复式高层,1
ioi世茂广场就在家门口。交通便利,1
集美世茂,1
3房出售,1
石亭小区,1
狐尾山,1
南湖明珠,1
高楼层视野采光好,1
嘉庚体育馆南北通风满二了税费低,1
坐看海,1
精装修可直接入住,1
绿苑三期,1
复式三房,1
世茂二期,1
电梯高层一梯两户,1
前埔北区华林东盛花园,1
很安静。,1
朝南看小区,1
金辉园正规单身公寓带阳台,1
改善,1
世茂御海墅,1
领不入住,1
阳光城精装3房,1
交通便利视野好,1
马銮公寓处于马銮湾新城边上,1
杏林桥头海景房看中庭看海,1
集美杏林桥头高层海景大四房高档装修保养好诚意出售,1
使用面积160平,1
新景国际外滩b户型,1
房产站大永固,1
楼上露台独立使用,1
产权满五只用契税,1
房东稳定出售,1
框架高层,1
港龙新城,1
松柏楼中楼,1
惠鸿花园正规大三房,1
露台金秋电梯高层三房,1
江头！江浦南里！二号线地铁口！南北通透！精装三房！,1
7房,1
稀有在售户型,1
海晟棕蓝海,1
全明精装三房,1
06年电梯高层,1
低总价精装修高使用西南北三面采光正规四房,1
翔安隧道口复式挑高楼,1
卧龙brt旁正规一房一厅诚意出售全明户型,1
两梯两户。,1
电梯高层三房,1
金尚2号线地铁口,1
三开间朝南。,1
自住型精装修,1
中间楼层两室两卫,1
金海湾安静楼栋,1
有装修,1
小区人车分流,1
文园路建成年份z新的楼盘,1
居住环境佳,1
釆光好,1
2006年小区,1
实用面积多,1
正规1房1厅1厨1卫1阳台。,1
悦享旁,1
五一广场,1
大润发,1
江头电梯正规两房带小区近商场近地铁口,1
户型方正格局佳,1
看山看海,1
中庭位置看海,1
中山公寓边上精装两房,1
厅带大阳台,1
朝南户型方正,1
房子满两年,1
带25平露台,1
6号楼唯二在售边套,1
东方新城大两房,1
户型好楼层高,1
地铁口正规大三房,1
高层看海看中庭安静不靠路精装两房,1
高层精装修四房,1
万科金域蓝湾一期,1
一梯两户全明三房,1
小城故事,1
六中前门,1
价优急售。,1
南北通透大平层,1
有商量加装电梯,1
装修保养干净,1
房子方正,1
位于吕岭路和江头东路交界处有报业大厦站,1
带电梯三房有入户花园,1
一号线地铁乌石浦站,1
此房满五唯采光通风好楼层好小区生活配套设施齐全。,1
小区位置繁华,1
万达成熟商圈,1
楼层位置,1
花园小区环境,1
首排无遮挡,1
杏林湾一号,1
大坪山下,1
精装修3,1
禹洲品质,1
阳台有改动,1
五缘湾公园小区复式大三房,1
洋房设计一梯两户前后无遮挡比邻天虹双十,1
全明户型南北通透双大阳台,1
前排带露台三房,1
江浦北里,1
看房子方便。,1
业主置换,1
联发杏林湾一号三期,1
精装修边套通透三房,1
40平米大客厅及7米大阳台,1
平层边套大4房,1
地铁口.sm.电梯.高层国泰大厦东南向.阳光充足,1
多个露台在隔壁套。,1
嘉禾路乌石浦地铁口电梯房3房,1
享受行,1
看中庭带装修很好诚意出售,1
海景花园小区,1
诚毅广场地铁口,1
2017年自住装修,1
房子满5,1
离校园近,1
四阳台,1
双面看湖,1
湖景房,1
楼层无遮挡,1
吕厝电梯,1
五开间全朝南,1
中海品质小区,1
高层视野好。,1
电梯全明格局大两房,1
前面没有遮挡,1
看海看鼓浪屿,1
镇海大厦,1
精装大三房两卫采光好通透生活便利,1
ioi棕榈城,1
sm旁地铁口鑫新景地大厦小面积单间出售,1
电梯正规大两房出售,1
国贸汇景,1
正规一房,1
仙岳路地铁口,1
前排,1
源昌君悦山,1
几年才出一套的刚需小户型,1
音乐家生活广场,1
！有钥匙！,1
高层看湖景,1
水岸筼筜,1
税,1
04年电梯高层,1
江头吕厝双地铁口,1
白鹭洲公园旁,1
筼筜湖畔,1
毛坯大四房,1
洋房.坐北朝南.采光好.全实木.领包入住.,1
01年封闭式小区,1
可拧包入住。,1
新装修2年,1
此房一梯二户,1
停车位月租200元,1
精装婚房,1
松岳里2+1房2厅2卫安静,1
温莎公馆旁,1
北附大两房朝南采光好带电梯环境优美,1
横厅高层视野海景采光好无遮挡,1
朝南边套四房,1
高林居住区三里,1
精装50万！高层看湖海双景视野无遮挡,1
大同,1
双,1
中山路电梯小户型实验幼儿园思北一,1
视野辽阔,1
高层精品小两房,1
带大露台。光线好,1
温莎大3房,1
三房业主诚意出售！,1
古龙明珠上错户型,1
纯首付22万进岛便利,1
集美万达商圈70年低总价小户,1
楼层东西通,1
好,1
美湖花园,1
太湖新城,1
北附好房,1
2009年封闭小区南北通透居家三房带两个露台,1
电梯小高层前埔brt封闭式小区,1
天虹汇腾大厦精装自住,1
槟榔片区,1
看湖看山,1
4房2厅3卫双阳,1
金象嘉园,1
海上五月花六期,1
业主空户诚意出售,1
带菜地,1
外表新,1
南北厅带阳台,1
电梯精装大四房,1
金尚公园旁金秋花园,1
露台金秋花园南北朝向,1
地铁后埔站150米,1
精装修采光好,1
房子满5年,1
电梯正规四房,1
此房采光好,1
客厅带阳台朝南三房,1
靠中庭,1
金尚小区框架两房,1
高利用,1
89楼中楼三房两卫,1
禹洲璟阅城,1
中间楼层采光好南北2房2卫急售,1
近地铁金榜公园brt旁,1
禹洲海岸一期大三房,1
沿湖位置,1
精装温馨大两房,1
小区居住舒适,1
满5*,1
采光好看海景,1
一套55万报价,1
两套单身公寓已打通成一套两房一厅,1
直接拎包入住！,1
精装修正规两房,1
省优延奎旁,1
小高层电梯房,1
安静位置,1
低层4房2厅,1
海豚湾,1
通风佳,1
房格局方正,1
南北精装3房,1
看湾,1
龙湖二期安静位置,1
精装修可拎包入住,1
此房采光通风好,1
北师大,1
禹洲四房,1
闹中取静!,1
无遮挡视野开阔,1
电梯大3房,1
前埔南区店上东里,1
毛坯随心装修,1
方正三房户型,1
随时可以过户,1
保养得比较好,1
游泳池,1
随时看,1
清新小户型,1
brt旁,1
高楼层看海景,1
低总价诚售！,1
将军祠文灶双地铁口,1
东西南北四面采光,1
精装4房2厅2卫,1
安静小区,1
万寿路,1
契税满二,1
精装2房朝南,1
保利海上五月花六期,1
外墙贴瓷砖,1
适中楼层,1
阳台山路,1
现代简约风,1
精装一线看海,1
禹洲二期,1
安静小区。简单装修,1
西南朝向大3房,1
省个税05年电梯高层全明大3房,1
看湖看白鹭洲,1
方正格局,1
高层大套复式,1
永建顶尚,1
繁华商圈,1
家电齐全,1
光线视野好,1
正看瑞景公园,1
上瑞景,1
客厅带阳台。,1
此房座落于美丽的厦门市湖里区东渡路海上世界。,1
正规3房2厅2卫,1
轻松改四房。,1
高楼层两房,1
国企,1
政府盘,1
交通生活便利。。。。,1
明园大厦电梯高层格局采光好交通方便,1
精装修。可以拎包入住,1
兴阁里,1
杏林城芯带小区,1
高楼层采光好视野开阔,1
思北正规一房一厅,1
看海仙岳山,1
全明3+1房精装修,1
建发开发2006年建成,1
东南朝向.房东急卖小两房,1
莲花新城好房,1
采光通透,1
此房座落于海上花园厦门市湖里区东渡海上世界旁,1
精装保养好,1
莲花新城边套,1
总价低的三房,1
2000年小区挑高做两层,1
此房坐落于厦门市湖里区美丽的狐尾山gy,1
东晖广场,1
高层朝南楼中楼三房,1
五缘湾苏式林园小区,1
9年北附,1
小区内有配套公立未来之星,1
中间楼层朝南大阳台,1
市政府,1
利用率高采光好,1
正规精装两房,1
精装高层看海东边套,1
景观位置好,1
客厅挑空6米,1
海景5房,1
瑞景新村新出,1
方便老人小孩居住,1
拎包就可入,1
室内精装修,1
叠加别墅,1
店长推荐的好房子,1
小高层朝西户型,1
省税！,1
土地出让金已交,1
京口岩东南向,1
1+1房,1
22年精装配中秧空调,1
单排,1
青年城,1
信义里,1
此别墅产权满二,1
居家装修拎包入住狐尾山旁,1
两房满5年,1
满五可省税费,1
房子精装修。保养好,1
动静分离！,1
四房3卫,1
户型正,1
05年小区,1
客厅朝南带阳台。采光佳,1
华铃花园客厅带落地窗阳台高层海景房,1
三房可利用的格局,1
进出岛外方便,1
全明海景房,1
急降40万！电梯高层双卫,1
适合居住,1
精装三房看海景,1
商圈配套成熟,1
一梯两户好户型,1
高层拎包入住看房方便,1
新纪元精装修三房,1
高层视野好诚意出售,1
凤凰花城精装修二房,1
客厅带阳台。。。,1
东渡商检公交车站旁边,1
东面采光足,1
此房为格局方正,1
精装高层3房,1
视野采光,1
蓝月湾中楼层2+1户型,1
海上世界旁正规三房好楼层,1
房子动静结合,1
水晶湖郡标准三房生活空间大,1
鸿山大厦精准两房东南朝向全明格局中层电梯房,1
宽敞大2房,1
东渡模范花园小区正规2房房东诚意出售,1
蓝月湾一期,1
使用空间大。格局方正.,1
唐庄别墅社区温馨小三房小区中庭诚意出售,1
俯瞰体育场公园.,1
双阳台。,1
楼梯公摊小,1
：：此房小区中庭,1
金沙电梯正规一房,1
小区管理好,1
教科院边上,1
地铁口复式两房一厅楼层好边套大窗户采光好,1
朝那格局,1
没按揭,1
出售,1
南北3房,1
莲花国际c区,1
白鹭洲公园边正规两房两厅电梯房,1
24小时安保,1
万科二期精装两房,1
精装边套通透性好朝南格局全明采光,1
地铁1号线大4房,1
看中庭采光好,1
楼层好户型方正视野开阔,1
经典海景大3房中庭,1
格局可更改,1
楼层好2楼,1
杏东5号线地铁口,1
小区物业管理好,1
邻居和睦,1
通透明亮,1
实用两房。,1
此房为电梯高层,1
中庭位置看绿化,1
近集美桥头,1
靠湖,1
世茂品质精装复式三房,1
保利高层南北,1
满五年省增值税,1
业主自住装,1
四房双卫,1
随时可以看,1
景观视野杠杠的,1
鑫荣苑,1
高层精装看海两房,1
主卧带阳台朝南,1
户型房正,1
南北通透大3房,1
火车站禾祥东,1
中层视野好,1
看湖边水库,1
万科一期三号楼南北大四房,1
带露台已做好,1
滨北新楼盘信和银湖天峰精装单身公寓,1
装修效果好,1
联发杏林湾三房,1
房子温馨舒适！,1
二次精装修拎包入住,1
证在手,1
r3-3户型,1
仅售480万,1
文灶南北三房精装修,1
后面就是万石植物园,1
离海边又近,1
小区绿化高,1
业主精装房,1
边套西南北三面采光四房,1
二号线地铁口,1
精装修看房方便,1
万科金域蓝湾二期正规南北户型,1
看中庭视野好,1
景观不错,1
看湖看集美塔,1
中楼层精装,1
大阳台.,1
现代简约风装修,1
高层海景大三房,1
三室两厅,1
华大,1
一梯三户双地铁口。,1
万象城旁电梯大三房,1
小区居住的安逸舒适是您优先的选择,1
框架结构。,1
房子采光好,1
出行交通便利,1
方正两房,1
房子保养好,1
精装修享受型大三房,1
个人产权,1
自己重新精装修,1
边套高层,1
此房视野开阔,1
邮轮码头。,1
健康步道,1
此房坐落于东渡狐尾山公园,1
文圃花园,1
过云溪近教育,1
免个税精装拎包入住,1
国企开发,1
框架南北通透两房,1
招商莱顿小镇,1
实际使用300平左右,1
景粼原著中叠叠墅,1
公摊面积小,1
金海湾精装大两房,1
侨旺大厦,1
急售。,1
新会展旁,1
翔安隧道口一站进岛,1
业主自住精装大四房,1
满五一自住装修,1
小面积南北朝向三房,1
地铁2号线旁,1
总价底,1
2号地铁线江头出口,1
看海楼中楼,1
华中就在家门口,1
南北通透大两房,1
全明两房三面采光,1
精装带家电拎包入住,1
群惠旁地铁口,1
自住精装保养好,1
高层南北通透大3房,1
保利央企品质,1
没有贷款的一房一厅诚意出售,1
会加装电梯,1
楼下就是公交站。。。,1
翔安隧道口厦航三六里旁融侨复式三房,1
大唐世家,1
现改成两套单身公寓,1
未来海岸浪琴湾大三房子.朝南.精装.拎包入住,1
复式使用大,1
地铁商圈围绕,1
一线湾景,1
盛元广场,1
莲坂地铁口低单价3房,1
1房1厅电楼,1
火车站东浦路建发08年小区,1
省契税！,1
翔安隧道口精装小三房,1
建成年限新98年小区,1
中港二期,1
分隔多套两房,1
框架挑高两层,1
急售！2000年封闭小区,1
2000年框架,1
小区里面安静,1
此房满5年且只有一套,1
起居购物方便,1
景观好！,1
业主自住精装三房,1
中间楼层看中庭,1
集美核芯,1
开发商精装2层,1
万科里繁华地段挑高5米,1
出行方便。。。。。,1
文灶万寿片区,1
高层一线海景房,1
房子采光充足,1
环东国际精装大三房,1
业主诚心出售。,1
中山路写字楼,1
地铁口两房格局方正,1
看房方便。,1
地铁边,1
体育馆,1
面积大,1
火车站东南向,1
莲坂地铁口电梯四房南北通透业主诚意出售,1
看房子方便,1
视野好。看筼筜湖景,1
边套双阳台,1
杏林湾一号三期,1
看中庭业主诚意出售,1
可以直接拎包入住的,1
禹州璟阅城,1
前后间距宽,1
一梯两户南北向,1
和通里小区,1
2005年封闭式花园小区闹中取静精装三房,1
火车站莲坂站,1
中楼层看湖景,1
筼筜湖畔朝南三房高层采光视野通风不错哦,1
杏林湾通透户型,1
小区配套完善,1
居家5房,1
锦绣广场电梯好楼层,1
精装修电梯3房,1
软件园二期明发园,1
中交一期边套三面采光南北通透小洋房,1
物业好,1
建发品质\u3000时尚国际\u3000电梯高层,1
预约看现房,1
简装,1
一房,1
精装湖景房,1
地铁口房,1
新城际广场,1
厦门北站,1
交通便利！,1
优质精装高层两房,1
近集美桥头环东海域,1
松柏莲岳里西区正规两房出售！！！,1
准电梯房,1
独立使用天台,1
禾祥新天地电梯边套两房,1
居家2房,1
号线地铁口,1
3,1
brt沿线交通便利,1
环东片区,1
中海品质精装两房,1
天御花园,1
保养状态好,1
火车站地铁口电梯高层采光好稳定出售,1
坐南朝北冬暖夏凉,1
经典的4房,1
南向采光好,1
大空间,1
台北新村,1
采光通风条件好,1
海景房视野无遮挡,1
上郡92平三房,1
小区绿化面积大,1
朝南暖可谈,1
格局正,1
火车站旁3梯8户,1
精致小区改善住宅,1
高楼层户型方正,1
房子一梯两户,1
一梯三户,1
复式楼使用面积多,1
新景数码港通透户型,1
视野采光好；,1
南北朝向可看海,1
本*电梯中层,1
彩光充足,1
预约看房,1
正规一房一厅出租精装修,1
水晶精装3房丨看湖视野开阔丨交通购物方便,1
水晶精装房丨南北双面看内外胡静丨位置安静,1
莲坂电梯高层朝东南向复式楼中楼,1
全南高层看湖,1
三房两厅一卫双阳台,1
全新精装修,1
房间无柱子,1
禹洲世贸商城,1
金彩花苑,1
站进岛,1
东南北朝向,1
楼中楼有两个露天阳台,1
96平,1
前埔北区一里,1
朝东南边套,1
电梯大两房,1
白鹤山路,1
公摊小可以拎包入住,1
出门地铁口,1
电梯正规三房,1
文灶brt地铁口,1
居住舒适度高~,1
户数少,1
公摊低,1
中交洋房户型,1
方便看,1
海景视野全景,1
空户空xue位,1
中海锦国际,1
湖景饱收眼底。保养精致,1
中海品质4房,1
实际使用两层,1
瓷厂宿舍4房,1
人民,1
此房高层视野无遮挡,1
房东诚意卖房,1
沿湖环境好,1
近软三杏林湾,1
集美新城地铁口精装三房,1
龙湖复式楼中楼,1
集美新城双地铁诚毅学习,1
满5年楼层好拎包入住诚意出,1
2000年式小区,1
邻校而居,1
拎包即住,1
精装4室,1
两房出售,1
3房普通装修。朝南,1
明厨明卫楼层好边套,1
高层朝南视野好,1
三梯八户,1
联丰商城,1
高层朝南两房,1
格局采光好,1
房子是复式小两房,1
此房是05年带电梯,1
三房户型,1
二楼南北通透,1
商场旁,1
南部新城建发醇熟社区,1
文教区产权满五,1
南北朝向格局,1
中航城a区复试四房边套一线湖景,1
购物便捷,1
海投尚书房,1
小套低总价少公摊,1
刚需自住,1
不看塔,1
小区安静宜居,1
3房无遮挡全明户型,1
brt总站旁,1
诚意卖！,1
福达里单身公寓,1
高层视野宽阔,1
带车位一起,1
中a复式高档装修,1
国企好房小区东边套优质好的户型中间楼层,1
精品小区,1
翔安桥头,1
视野宽阔!,1
欣华花园,1
舒适楼层,1
距离地铁1号线园博苑站300米,1
看湖海双景,1
方便看房子,1
精装修3房只要260万,1
集美边套精装三房,1
荐|《独门独户》边套南北户型,1
十佳社区,1
有lt,1
边套采光好.,1
生活区延奎500米处两房,1
东辉小区,1
边套三居室,1
方正视野开阔,1
看海无遮挡3房,1
杏林桥头堡,1
视野广阔,1
地铁站禹洲新村南北边套格局采光好交通方便,1
有钥匙交通方便。,1
低楼层位置安静,1
通透四房,1
满五*一,1
沿湖一排看湖,1
水晶湖郡双拼别墅,1
改造小区环境好,1
怡祥佳苑,1
小区自带苏州园林式花园,1
翔安隧道口新会展奥体旁,1
标准楼中楼,1
直接拎包.,1
通风好采光足,1
高层毛坯格局方正,1
前后通透,1
一线海景房。万科2房2阳台,1
高层采光通风俱佳好房,1
隧道口朝南双阳台边套两房,1
10年精装电梯2房,1
一房改两房,1
文化大厦户型方正,1
带车位出售,1
精装复式楼,1
湾悦城旁,1
带一个储藏间,1
保养很好,1
万科精装朝南户型,1
钢混结构,1
居家选择,1
业主诚售绿苑小区方正格局一房一厅,1
满五*税费低,1
永恒的海景视野,1
二期全海景大三房,1
看中庭。,1
产权満五省税,1
蓝水郡高层精装修可拎包入住,1
赣商海领馆,1
户型方正采光好,1
地铁口朝南大两房,1
居家优选房,1
近中庭和地铁,1
此户型阳台朝南,1
框架电梯大两房,1
未来橙堡南北通透小户型楼层好业主诚售,1
带使用权车位,1
100多平露台,1
有意境,1
外凸阳台,1
湖海双景高楼层,1
厦门软件园三期万达旁纯别墅大花园,1
精装修。一房一厅,1
04年小区,1
建达花园,1
二次,1
金鸿花园,1
看小区中庭泳池,1
交通便利业主诚意出售,1
出门就是地铁,1
有花园的正规两房,1
生活区南北通透两房！生活便利！方正格局！,1
边套户型。采光好,1
高楼看海,1
满5,1
08年电梯高层小2房,1
火车站旁地铁口,1
brt地铁,1
近地铁临延奎房子阳光足,1
地铁口楼中楼片区延奎实用面积大适合大家庭居住,1
空户满五*,1
公园就在门口,1
朝东面,1
48.84平,1
满五年省税费,1
朝南客厅带阳台,1
三房双卫,1
高层视野不错的,1
洋房采光好,1
朝南采光充足,1
省5.3%增值税,1
房屋产权满二,1
禾祥西中山医院地铁口外国语禾祥小大2房建发花园小区,1
双十旁,1
3号楼朝东看海看中庭安静,1
看部分海景,1
中骏模范社区,1
双主卧设计,1
正面全海景,1
低税费,1
国际邮轮城二期高档小区,1
澳头特色小镇,1
奥特莱斯,1
大三房厅带阳台朝南,1
边套精装一房一厅出售,1
瑞景片区,1
可伶包入住,1
松柏正规两房朝南带阳台,1
采光好通风户型,1
框架2房,1
体育路,1
富山繁华地段封闭式带游泳池小区南北通透南北阳台,1
临湖环境好,1
地铁口大三房,1
业主自住精装拎包入住,1
产权满5,1
繁华地段交通生活便利,1
瑞景洪文brt旁电梯高层精装1房,1
世茂物业,1
通透性强,1
通透两房,1
万科金域华府二期朝南,1
套内使用面积大,1
地铁口看海精装两房,1
精装自住三房,1
瑞景福满山庄,1
地铁口就在楼下,1
万象城旁边,1
老市区,1
户型,1
小区正规三房,1
东南户型好,1
看山视野开阔,1
东南北采光好,1
别墅旁靠山安静,1
火车站万象城旁富城花园地铁brt交通方便,1
1号线地铁口,1
自住精装拎包入住,1
交通便利.,1
住宅莲花国际位于集美新城区,1
靠小区中庭,1
岳阳西里,1
配套方便,1
杏林桥头万科金域华府中楼层,1
高楼层观海,1
客厅宽敞明亮,1
小洋房,1
大平层三阳台只算一半面积安静全明户型,1
电梯房公摊小,1
沿湖而居,1
ioi世茂综合旁,1
可以看海景啊,1
禹洲一期安静海景大三房,1
得房率高..,1
时尚新潮,1
客厅落地大窗,1
莲坂高层电梯朝南,1
精装小户型温馨拎包入住2房1厅1卫1厨,1
安静带小区,1
翔安南部新城,1
科技zx翔安校区旁保利和光城悦精装1房一厅出售,1
湖园高层精装三房两卫,1
景观好房来咯,1
会展观音山,1
对望金门,1
松柏单价低！南北朝向！楼中楼！使用面积大！,1
房东诚意出售。,1
别墅小区.高绿化.带前后花园。,1
一梯两户南北通透,1
交通生活都方便,1
文园公寓一期,1
开发商带精装。,1
05年正规一房一厅,1
隧道口南部新城双阳台两房业主诚意出售,1
全明低总价3房2厅2阳台,1
带储物间,1
瑞景洪文brt旁,1
瑞景公园大三房南北通透采光视野佳,1
房所在小区是2001年新建商品房社区。,1
两卫！,1
全面朝南,1
它真的来了,1
您要的,1
城市闹中取静,1
房子地段好,1
大,1
使用面积,1
大4房,1
卧龙晓城,1
111平方中装修一线海景房,1
次卧带阳台朝南,1
南北格局,1
松柏正规三房,1
房子朝南采光好,1
户型方正南北通透,1
金林花园,1
婚房,1
门口有露台,1
刚需盘,1
实用两套,1
中山公园,1
实小旁,1
可民立小总价低,1
正规电梯一房！小户型,1
中华城,1
后排看中庭。开发商精装。国贸物业,1
莲前西路正规小两房诚意出售南北通透,1
龙湖天街旁,1
带120平露台精装三房,1
地铁500米,1
王子广场边套精装修一房售109万,1
5房,1
213.09平,1
生活区楼中楼带独立天台,1
3楼,1
舒适2房,1
南北朝向3房双阳台,1
9号线地铁口联发品质,1
精装边套两房,1
小洋房一梯两户南北通透居住舒适采光充足,1
槟榔西里(单号),1
全明采光好,1
楼层好视野开阔地铁口交通便利电梯2房配套齐全厨房大,1
好房子,1
国贸鹭原,1
看房随时方便,1
艾德花园二期,1
莲花国际大两房,1
诚意出售可谈,1
楼间距宽采光好,1
1梯两户总价低！使用面积大,1
5-4教育南北通透户型,1
央企品质五月花少有精装看海大户型,1
小两房,1
空气好！,1
人车分离,1
高层看湖出售,1
看海联发品质2房一线海景,1
业主诚意急卖,1
彩虹湾精装自住楼中楼,1
云顶北路,1
国际山庄,1
湖里区,1
精妆海景公寓,1
浪漫海岸线,1
未来五缘湾,1
千亿环东海,1
光线和通风好,1
朝东的户型,1
融信,1
建发品质.宝龙一城一街之隔,1
高层看海朝南房东诚意卖,1
采光好户型好,1
全新未入住。地铁口出行方便。纯东边套户型。诚意出售,1
享受型大三房,1
高层全海景视野开阔,1
好房子。好景观好视野一览众小山,1
四代同堂的,1
海银大厦上延奎2号地铁边上全明两房,1
美地雅登祥吴六里,1
电梯精装2房,1
配套完善,1
格局明亮,1
两房一厅两卫,1
满五减个税,1
装修两房,1
实幼旁,1
自住精装房,1
动静分区,1
丰融尚城,1
马銮湾精装3房1卫,1
噪音比较小,1
离高架桥较远,1
位置好看中庭,1
三期通透好房,1
马銮湾精装三房户型方正交通便利,1
龙湖景粼,1
高档精装4房,1
另有10平储藏间,1
边套一梯两户,1
真的是十年出一套,1
繁荣广场,1
金枫园,1
全屋重新精装修,1
高楼层自住精装,1
凯悦新城大两房,1
2008年电梯花园小区两房,1
地铁口旁自住精装小两房,1
双地铁,1
坐享着千亿打造的海景资源,1
面朝大海一览无余,1
莲坂花园小区,1
可看湖。天台可独立使用,1
浪漫海岸在楼下,1
拎包入住一线海景,1
南北全明格局,1
sm片区总价低的小2房,1
厦禾路,1
阿近地铁,1
湖海景观,1
天湖小区三房采光好,1
06年电梯一房出售,1
m乌石浦地铁口,1
s,1
天湖之城——【南北大三房】+中楼层,1
小城故事居家3房2厅带双阳台,1
东渡六中边上和宁里,1
550万,1
阳台山三房一厅,1
天湖城精装四房,1
欢迎有缘人,1
自然家园南北正规两房出售,1
边角套,1
罗宾森,1
无遮挡视野,1
包含车库,1
间,1
做7*,1
离软三近,1
东坪花园,1
正规2房带电梯,1
东西南北向,1
临大润发,1
罗宾森二期高档封闭式小区视野采光好,1
云景花园,1
瑞景广场,1
南向采光,1
2居室,1
松柏莲岳里精装修南北向两房出售,1
交通购物便利,1
嘉庚体育馆brt,1
好变动,1
松柏湖2房低总价好格局全明户型空户,1
品质追求,1
半山私宅,1
含一个产权车位,1
商圈繁华,1
禹洲世贸配套成熟区,1
火车站电梯三房,1
：刚需小户型,1
电梯中层南北朝向格局方正,1
此房满l二年,1
正规大2房,1
海沧湾公园旁,1
开发商精装修,1
2房536万,1
火车站东坪花园二期,1
顶楼楼中楼南北通透视野好,1
花园式封闭小区,1
电梯朝南无遮挡,1
电梯两房,1
绿化环境好,1
封闭式管理,1
华润央企物业,1
全新小区,1
南北全明三房,1
长青校区隔壁,1
松柏公园旁,1
莲岳里正规三房,1
橡树湾三期,1
环境优美舒适,1
全明落地窗挑高3.6米复式,1
单身*,1
本*户型朝西,1
南北4房,1
此*格局方正,1
贷款280,1
房子自住,1
满二免增值税。,1
蓝水郡高楼层三房,1
此房源多2个窗户,1
景观无遮挡。,1
满五且一,1
08年电梯,1
东南北大四房,1
火车站莲坂商圈,1
火车站商圈,1
莲坂交通枢纽,1
一套建在公园里的精装大三房南北双阳台高层视野无遮挡,1
精装修约看方便,1
14年楼盘电梯,1
挑高5米用两层朝南户型,1
南北向精装直接入住,1
框架双阳台,1
交通及出行方便,1
莲坂国贸公交站,1
万寿北路全明两房,1
2梯2户,1
正规大3房,1
带电梯南北通透,1
侨福城,1
中层采光佳,1
可做婚房,1
全新精装房,1
好的楼层,1
带双阳台户型,1
交通出行便,1
通风很好,1
莲坂brt旁,1
莲坂地铁口精装2房,1
设计师自己装修的房子,1
适宜住家,1
正规南北大两房,1
朝南格局,1
祥店繁华社区正规2房小户型,1
好户型楼层南北大阳台无遮挡看中庭,1
急售二期经典三房,1
居家好房。,1
金尚地铁口,1
风景优美,1
看山,1
一中旁,1
精装高层电梯正规一房,1
槟东公寓,1
文灶文屏大厦高层住家精装修3房出售,1
配套成熟高档社区房东诚意出售,1
隧道口旁,1
看中庭水系景观,1
价格实惠,1
特大面积,1
有民额,1
框架三房,1
封闭小区环境好,1
有天有地有花园,1
翔安新城桥头堡,1
靠中山路,1
购物方便,1
老虎城小户型房源出售,1
集美北区电梯好房,1
可停车,1
南北通透。户型方正,1
松柏大三房,1
出门brt,1
松柏湖景房,1
五月花高层精装两房业主自住看房方便,1
幼儿园近。,1
附件有松柏菜场,1
有车位。,1
多一个阳台,1
底梯层,1
派园南,1
房子精装修,1
俯瞰小区,1
冠宏花园,1
闽篮鼓锣公园,1
地铁口科技旁,1
好楼层3房2卫,1
泉水湾二期,1
使用面积大.地铁口,1
楼栋安静宜居,1
有二次精装修,1
园博湾临湖,1
朝南看湖,1
阳光城文澜府边套3房改善户型。,1
一号二号线交汇,1
小区楼下就是吕厝双地铁口,1
吕厝双地铁口三面通透客厅主卧带阳台视野采光好,1
明厨明卫.客厅带阳台朝北.采光好.,1
外扩使用面积大急售,1
松柏公园旁k小区,1
大2房2卫2阳台,1
会展旁,1
生活配套成熟,1
背靠兴湖路,1
近联发华美空间,1
会展南北错层精装4房,1
通透视野好。,1
温馨2房,1
新装修三房,1
天源旁,1
海景优美,1
业主精装大四房,1
新莲岳里中楼层大两房,1
实验幼儿园,1
空xx,1
价格好,1
映碧里全明2房,1
祥店福满园,1
无遮挡视野好可步行上学,1
朝北户型,1
精装修保养的很好,1
门口双十,1
维多利亚高楼层两房,1
可拎包入住采光通风好,1
带外阳台,1
此房楼层好,1
泰禾商圈,1
小区安静！,1
南北视野好,1
金鸡亭航空宿舍,1
必看好房,1
sm,1
三房精装,1
海峡国际社区二期,1
国贸远洋天和,1
此房满五年省个税,1
带电梯居家3房,1
仙岳路岳阳小区旁,1
楼层好采光好！,1
o8年电梯低总价,1
中山路一双,1
老虎城,1
朝北,1
海峡现代城挑高五米,1
沐浴日光,1
卧室均朝南,1
楼梯房金梯层,1
楼上可以使用,1
大唐品质带阁楼,1
产权满五年！,1
低楼层小两房,1
朝南户型方正.目前价格优惠......,1
近延奎,1
生活区小户型,1
瑞景洪文brt旁电梯精装住家3房2卫,1
南北双阳台3房,1
祥店宜居社区单价3.8万,1
单价低诚意出售,1
地铁口大四房,1
滨北七星公馆比邻带原装电梯小高层原三房可四房,1
楼下生活配套较为齐全,1
宏大花园自住精装,1
视野没有遮挡,1
南北通风大三房,1
湖里万达边套光线好正看中庭诚意出售,1
楼层视野好诚意要卖通透格局公园环抱,1
地铁口乐海商场楼上小户型诚意出售,1
来仙岳山庄,1
温馨家园,1
美丽山水,1
小区设施配备齐,1
通透格局方正精装修,1
首开上郡两房,1
一个被忽略的世外桃源,1
海沧隧道口,1
交通便利明厨明卫,1
旁南北通透,1
莲坂地铁口~龙门世家顶层楼中楼~跃三层使用400平,1
使用面积110平方,1
复式精装修,1
一楼带房间,1
看海很好的位置,1
禹洲高尔夫,1
世茂精装3房2卫丨客厅跟主卧带阳台丨交通方便,1
江头。温莎公馆精装修,1
欢迎评鉴,1
三房朝南,1
生活区正规三房,1
精装修。,1
景观没有任何影响,1
低楼层看海,1
看海户型通透首付150万,1
天源,1
明发花园一期,1
满5年省税,1
美峰公园,1
室内游泳馆,1
配有大面积会所,1
此房满五*,1
brt沿线交通方便,1
一线海景大平层,1
中层。,1
集美桥头一线海景房,1
顶层毛坯,1
楼层好格局好满五近地铁动静分离,1
可g3房,1
格局方,1
枋湖香槟城132.57平洋房社区精装房,1
享受人生,1
美景尽收眼底,1
新上小户型,1
高层安静位置,1
看湖看海,1
两梯4户,1
海投天源,1
产权满5省税,1
杏北糖厂2房,1
四川大厦.电梯高层.两房.户型方正明厨明卫.视野好,1
离二号线后浦站近,1
中间楼层户型好,1
金尚2000年框架三房,1
一自住精装修拎包入住,1
桥头堡大四房两卫产权满五唯,1
80万,1
前埔电梯三房,1
集美桥头两梯四户精装两房,1
一手房源,1
朝南东边套,1
位置人人所向,1
低价入手,1
金尚新年限框架大三房,1
阳台有扩大,1
复式楼中楼二次的精装修可拎包,1
准电梯中层,1
电梯全明四房,1
莱茵花苑,1
刚需小户型,1
星园美第,1
brt旁联发品质小区好楼层好格局三房,1
海沧双十学府旁一线海景海晟维多利亚旁,1
小崔荐好房,1
滨北南北通透大2房,1
后埔地铁口30米,1
温馨三房,1
快乐天地,1
阳光花园,1
精装满五,1
温馨大四房,1
格局四方,1
成熟社区,1
彩虹湾,1
滨水小区,1
产权在手可随时过户,1
精装小高层,1
边套采光通风好,1
文灶电梯四房,1
小区在地铁口,1
繁华位置,1
电梯房地铁口户型正,1
边套横厅两房,1
居家方正全明2房有外拓使用面积大,1
松柏电梯精装三房舒适大阳台南北通透,1
2010年电梯房,1
高层复式小两,1
欢迎咨询。,1
二楼正规两房,1
三面采光全明格局,1
03建,1
双大阳台,1
带百平大露台,1
舒适度高,1
中间位置,1
sm生活广场和天虹广场的,1
松柏地铁口电梯房,1
沿湖,1
开发商自带精装修,1
精装优质房源。,1
二期高层海景房,1
天源高层3房,1
一览无余,1
高层视野无遮挡,1
沿海一排,1
顶楼海景房。,1
南北通透大户型,1
会展,1
06年房子,1
免个人所得税,1
两梯两户南北通透,1
南北朝向两个露台诚意出售,1
金尚路精装楼中楼,1
精装四房西边套,1
马銮湾新城,1
产权清晰无按揭,1
独立庭院,1
独立车库,1
野视通透采光,1
户型南北,1
楼层安静,1
住家配置,1
可以看海。,1
急售换房,1
精装修自住三房,1
高层精装修大2房,1
满五楼层适中,1
央企品质,1
无按揭三梯六户,1
集美桥头精装两房,1
房子满两年省增值税,1
前排海景,1
1梯2户,1
ioi洋房,1
业主诚意售,1
空置,1
未来海岸浪琴湾一梯两户,1
景粼原著,1
位置好.采光好,1
未来橙堡一房一厅,1
电梯高层朝南,1
实小门口,1
蓝水郡,1
高楼层视野好,1
地铁口满二大三房,1
满五惟--,1
渎松柏茗校,1
松柏大厦80平2房,1
欢迎推荐,1
提前预约可看房,1
二开间朝南,1
一楼带大花园精装三房,1
天安路,1
房子自住装修,1
业主置换。,1
松柏地铁口,1
会展华尔顿大4房直线看海拎包入住,1
没占用,1
思北小户型单身公寓,1
阳光普照,1
很省心。交通方便,1
拎包入住：自住装修,1
居住舒适：分成两套,1
位置安静高楼层,1
正规电梯大四房,1
地理位置好,1
房子带电梯,1
带大窗台,1
景观视野开阔,1
万达中楼层在售,1
联丰新城,1
环东海域中洲滨海城,1
中高层视野采光通风好,1
高楼层视野开阔,1
江头05年,1
朝南户型好,1
北附低总价,1
看中庭园林景观,1
通透精装三房,1
阿罗海旁天湖城,1
海湾锦园低总价大三房,1
小崔推荐必属精品板式两房住家装修寻找有缘人,1
两房朝南双阳台,1
业主诚售。,1
朝南正规3房,1
奎,1
延,1
厅,1
梯,1
电,1
园,1
公,1
辽,1
逮,1
艾,1
位置好！视野好！满五省税,1
中骏蓝湾半岛,1
集美桥头海景三房,1
东南朝看中庭,1
维多利亚精装修两房,1
采光好得房率高,1
景观好视野佳,1
复式精品楼房,1
杏林湾,1
位置安静不临街,1
全明3房户型电梯高层,1
09年新小区人车分流,1
金鸡亭框架结构精装2房,1
看山景。,1
联发杏林湾二期,1
在家即看日出日落,1
精装自住大三房,1
禹州高尔夫,1
朝东看小区中庭,1
火车站！16年封闭小区,1
小区新,1
正规大二房,1
产权满5年省税,1
汇景雅苑高层海景小2房,1
五月花精装大3房两卫高层一线看海舒适采光视野好,1
步行上学无需过马路俯视整个中山公园,1
地处繁华老城区,1
好两房领包入住采光好明厨明卫总监力荐,1
南*通透,1
公司可转个,1
在一楼,1
复式结构,1
房子无抵押,1
国贸同悦大三房高楼层视野开阔无遮挡,1
看海低总价复式楼中楼诚售,1
海沧湾公园前排复式楼中楼,1
东边套视野很好,1
独栋别墅,1
强烈欢迎大家品鉴,1
温馨舒适大三房,1
生活区电梯大三房,1
靠会所,1
全新自住精装5房,1
269平,1
带装修三房,1
精装看海大三房,1
精装修海景房,1
4房一站式到位,1
双阳台户型南北通透,1
户型通透格局好,1
朝南正看小区中庭,1
盈翠里客厅带阳台朝南,1
目前在出租,1
方正户型,1
南北通透刚需小两房,1
24小时保安,1
环境舒适,1
楼下地铁2号线,1
天成精装四房,1
海沧区政府旁,1
岭兜刚需小三房,1
地铁100米,1
保养的很不错。,1
此房满5唯不*,1
电梯刚需二房,1
湖明,1
莲坂能群大厦,1
通透性好,1
全明结构采光好,1
集美高品质楼盘,1
低总价诚意出售,1
阳光明亮,1
海上世界商圈版块,1
群惠电梯2房闹中取静业主诚意出售,1
万科里,1
朝南面宽,1
正规大3房出售,1
太微山庄,1
出行生活购物方便。,1
滨北区域,1
正规大四房,1
房间多,1
楼层高光线好,1
海岸1号,1
彼岸标准两房,1
免增值税,1
区府旁低总价2房1厅,1
心位置,1
翔安中,1
与精致别墅为邻,1
与水系公园为伴,1
枋湖楼中楼,1
蓝湾半岛楼中楼,1
一楼有花园,1
全海景,1
集美万达旁,1
海沧西雅图精装修大四房！格局好！,1
枋湖联发欣悦园,1
自带龙湖天街,1
精装修复式,1
北站中骏四季阳光精装三房,1
出价来谈,1
刚需户型,1
延奎分校,1
刚需新选择,1
采光日照充足,1
拎包可入住,1
大学城精装小三房,1
中海寰宇天下,1
电梯高层一房一厅,1
都带大窗户,1
南北通透双阳台。,1
金尚片区大三房,1
采光好带储藏间,1
南北全明户型好,1
高层自住精装小2房。,1
地铁口。楼层佳的3房。是居家好房。,1
松柏屿后北里南北通透两房业主换房出售,1
高层精装看海,1
优质通透三房,1
门口使用10平,1
6米大横厅,1
低公摊南北户型,1
3卫,1
仅售有缘人,1
住家两用,1
阳光花园正规3房店面,1
四面采光,1
万科广场满两年精装四房,1
东南北通透格局方方正正满五*,1
靠会所高楼层02户型,1
房屋产权满二省5.3%增值税两房朝南采光充足,1
人文环境好,1
配套齐,1
出入方便,1
正规单身公寓二手房一室一厅一卫来袭,1
水晶湖郡二期大通透三房格局方正诚意出售,1
外阳台,1
保养精致,1
中海品质,1
全是红杉木,1
精装修花了四百来多万,1
感受鸟语清香,1
2000年花园洋房,1
虎溪寺旁,1
植物园下,1
中间楼层总价低~,1
铁旁,1
地,1
刚需必备小户型！2号线,1
楼下交通方便,1
朝南户型看湖,1
育秀中.心,1
东北向高层视野好,1
电梯3房,1
中山公园南门口,1
金鸡亭三房精装修业主诚意出售。。。,1
物业管理良好,1
东渡片区天然氧吧社区,1
复式户型,1
滨北市政府边套中楼层格局方正南北通透三房,1
瑞景洪文brt边上,1
生活区高品质小区,1
房子满2年,1
三房双卫双阳台,1
央企品质自住精装小三房满五省税费,1
车位,1
东方高尔夫国际公寓,1
地铁三号线人才站,1
滨北2000社区,1
朝东南,1
436万,1
蓝湾半岛：91.79平,1
生活便利。,1
楼下brt,1
有电梯小区,1
无抵押。,1
高层满二,1
中交复式四房,1
莲前五中对门正规一房一厅结婚精装修拎包入住满5年,1
2房1厅,1
南朝向,1
融侨品质精装2居,1
清爽装修,1
盈翠里,1
湾悦城就在家门口,1
高层视野佳,1
sm双地铁,1
朝南一改二,1
封闭电梯小区,1
南湖公园旁,1
电梯2房2卫,1
芸溪居住公园三期,1
精装2房出售,1
高楼层精装三房,1
品牌家电,1
复式,1
家门口的公园,1
透采光充足正规三房,1
21年自住精装3房,1
大悦城商场体在旁,1
靠图书馆,1
临集美湖,1
新社区近地铁,1
业主只有这套,1
自住精致两房,1
金尚天宇花园南区,1
南北通透全明（另储藏间一间不算面积）,1
看湖,1
沿湖梯位,1
江宁里小区,1
吕厝江头板块,1
南北通风采光好看海看中庭,1
业主诚售会展双大阳台,1
台湾街电梯高层小两房,1
特房银溪墅府梅斯花园,1
洋房四房南北通透,1
朝南东晖广场,1
近软三,1
边套三房两卫,1
集美新城核芯位置,1
低总价正规三房,1
东海山庄,1
满五年可省,1
地铁口2号线马青路站,1
一梯两户。,1
前埔优质三房,1
看小区中庭的,1
全南精装小三房,1
阳光城文澜府,1
松柏莲岳里边套三面采光正规两房卧室带阳台朝南出售,1
文灶地铁社区,1
做了八年才见过这么一套,1
楼梯三楼,1
带电梯精装三房,1
09年小区,1
楼距宽,1
高层大f户型,1
区政府阿罗海旁,1
禹洲大学城正规三房,1
嘉庚旁,1
电梯高层小两房,1
维多利亚正规四房南北通透总价499万,1
禾祥首府,1
精品三房,1
高楼层不靠路看中庭户型好全明结构采光好,1
配套齐全。,1
价格便宜,1
泰禾开发,1
东套,1
天御小区,1
瑞景电梯小户型,1
额,1
有名,1
价优,1
看海精装三房两卫,1
外图后电梯小户型出售,1
联丰商城二期,1
海投尚书房精装2房朝南必属推荐,1
侨建花园,1
业主换房急售,1
平层厅带阳台,1
正规三房9成新,1
2次精装全新未入住！,1
保利一期高层复式,1
满五省费用,1
两梯五户,1
边套小三房,1
中航城c区,1
欢迎品鉴,1
温馨入住,1
开发商装修,1
万科品质物业,1
安静负氧离子高,1
可做落地窗,1
朝东大面积,1
业主诚意出售看房方便,1
金尚片区,1
杏林桥头禹洲一期高层无遮挡海景方正三房客厅带阳台,1
看白鹭塔,1
莲花三期前排高层边套大三房,1
美地三里,1
带60平独立大露台,1
不爬坡,1
精品两房,1
群惠,1
业主诚意出售自住精装海景房高层视野好满5省税费,1
税费低,1
水岸通透户型,1
槟榔小区二房,1
3房高层,1
集美,1
面积小,1
仙阁里标准的小两房,1
套内110平,1
南部精装复式三房两卫,1
户型秒杀隔壁融侨,1
电梯中高楼层,1
百米楼距,1
此房产权满五年,1
水岸名筑,1
全明两房,1
边套满五,1
近嘉庚商圈精装大三房成熟出售,1
光线通风好,1
金山国际,1
南北朝向采光充足适合居家,1
美丽小区东边户,1
格局方正双阳台！,1
天湖城小三房近地铁口南北朝向钥匙在手随时方便看房,1
精装两房高层采光好视野开阔无遮挡免个税1.5%,1
振兴新村,1
燃气管道,1
封闭管理,1
朝南！阳光满满,1
16年建发前排高楼层视线开阔阳光明媚满五且一,1
业主想卖,1
南北全明,1
禹州世贸国际,1
华玺,1
中高楼层看房方便,1
建发物业,1
祥店封闭式小区,1
边套东南北三面采光,1
在家看公园,1
联发新天地,1
安静大两房,1
橡树湾,1
融信铂悦湾复式三房诚意出售,1
银城智谷旁,1
安静视野好。,1
品牌精装,1
全屋定制,1
电梯小户型一房一厅,1
碧湖豪庭,1
建发翔城国际北区,1
无按揭,1
精装复式,1
首付40万,1
总价189万,1
2号地铁线,1
富山花园,1
装修新,1
鼓浪屿全明通透正规三房,1
集美东部新城中高楼层全明采光海景房,1
精装正规3房随时可交易,1
前面别墅光线好,1
安静两房,1
保养不错,1
装修,1
业主精,1
融信海上城高层大俩局,1
富祥苑,1
厅带阳台朝南大三房采光好,1
侨福城一梯两户,1
低总价近双地铁口,1
轻松升2房,1
客厅看中庭景观,1
自住精装！,1
嘉庚体育馆大两房朝南格局方正,1
景观面好,1
厦门院子中间楼层带装修,1
毛胚正规大三房。,1
看小区绿化,1
朝南四房,1
配套齐全交通便利,1
入户露台,1
地铁口5米,1
东南向精装2房,1
高楼层朝南电梯房,1
比邻天虹双十,1
三房一卫,1
天湖城精装修三房！落地窗视野开阔！,1
金同花园,1
招商花园城免个税,1
海投过云溪,1
精装3房拎包入住,1
适合陪学居住,1
源通中·心,1
低总价滨北总部地铁口诚意出售卫生间带窗,1
富华广场06年新房,1
朝南户型看公园,1
2015年小区！莲花公园边上,1
三房格局,1
重新装修,1
融信海上城环境好,1
海沧桥头,1
电梯住家温馨2房,1
带电梯此房南北通透,1
思东商厦电梯,1
宽敞舒适厨卫带窗,1
电梯在动工,1
花园小区公园小,1
低密度小区,1
区政府边上,1
生活交通便利,1
精装一房一厅.诚意出售,1
四房两卫边套,1
奥特莱斯旁新小区,1
brt沿线金鸡亭,1
小区中楼层,1
莲花公园旁边！精装修三房南北,1
十年出一套的房源,1
思明松柏,1
金城湾花园,1
安静居家,1
朝南2房带2卫,1
二期中层,1
居家朝南两房,1
城市花园,1
地铁1号线文灶站,1
高楼层看海3房,1
蓝湾半岛,1
高档装修,1
电梯朝南,1
格局佳,1
小二房,1
采光通风好。,1
看杏林湾,1
集美新城精装通透边套3房,1
看房方便！,1
楼层好空户朝南户型,1
松柏刚改造成熟小区,1
建发次新房,1
新盘1872业主外地置换诚意出售,1
闲置出售,1
外地工作,1
万科城海景三房,1
门口商场,1
15年次新房,1
宽广的海平线无遮挡,1
金銮湾精装三房,1
人气足,1
热闹,1
rt沿线,1
采光好！b,1
客厅带阳台朝南房间都朝南采光通风好,1
旁边有200平露台,1
南北通透2房,1
老市区板块,1
此房朝向好,1
店长推荐乐海商圈,1
阳光好,1
朝南高层观海景。精装带全屋家具家电,1
是您想要的朝南大露台,1
单价低小四房,1
业主急售价格可以谈,1
新房交付未入住,1
彼岸精装两房,1
房东十分诚意卖,1
火车站刚需2房,1
中楼层精装修保养好,1
朝南看中庭动静分离,1
面山望海,1
高楼层电梯,1
海韵北区次顶楼,1
环境好！,1
精装修二房,1
明发半岛祥湾a区,1
采光充足。。。。,1
看房方便可拎包入住,1
高层精装4房,1
建发玺樾,1
时尚国际,1
精装修可以拎包入住,1
税收低,1
商品房,1
低总价三房中间楼层,1
塘边地铁口一号线,1
电梯精装两房,1
官邸大厦,1
景观视野都很好,1
看公园中庭,1
四房精装修,1
禹洲尊海高层看湖海,1
出门到学堂免一家10年风吹日晒雨淋孩子安心家长省心,1
采光视野好！,1
正规三房两厅双卫三阳台,1
快乐天地高层,1
一线海景精装三房,1
翔安新城隧道口,1
近公园近地铁,1
楼龄新,1
南部精装大复式,1
低价出售,1
金山小区,1
东南安静,1
实用3房,1
带阳台。,1
坐等佳音,1
水晶湖郡无遮挡看湖,1
招商花园城旁边套三房双阳台精装三房满五年哦,1
97年框架好房,1
累计降价100万,1
1楼带60平院子,1
芸溪二期,1
看小区中庭。,1
两房南北双阳台,1
大三房精装修,1
看房有钥匙。,1
地面三层,1
隧道口整栋别墅,1
朝南大三房,1
精装拎包入住业主诚意出售！,1
楼下地铁50米,1
少卖朝南户型,1
边套100平三房两卫,1
家门口地铁+商场,1
有窗户采光充足,1
低总价边套,1
楼梯小高层,1
城上城靠山看公园,1
不计面积活动室12平,1
有固定车位,1
岳阳精装三房空间大,1
有三个阳台,1
小区后排看山安静,1
离地铁商场近,1
：户型方正带湖海双景外阳台,1
标准小俩房,1
视野宽阔。,1
精装复式高层看湖景,1
民立,1
南中广场1房,1
精装一房边套西南北,1
禾祥小,1
湖滨南,1
精装两房出售。,1
精装三房业主自住保养好,1
海沧天御近地铁小区,1
小面积,1
中层朝北,1
万达广场,1
换房诚意出售,1
4房2卫100米地铁口南北向满五无其他房入户全倒板,1
brt沿线,1
05年电梯,1
康城正规两房,1
天湖城自住精装高层三房业主诚意出售,1
楼层好诚意出售,1
08年电梯房,1
一双片区,1
阳台比较大,1
火车站万象城电梯高层,1
看湖。,1
全朝南,1
集美新城正规2房比较少,1
精装3房安静,1
集美新城诚毅广场地铁口,1
怡景花园,1
看房方便拎包入住,1
三面彩光,1
两房两厅朝南看海,1
古龙公寓,1
不靠马路,1
绿苑小区一期,1
集美新城精装边套三房,1
急,1
世茂璀璨天城3房2卫丨业主二次装修过丨楼下就是商场,1
环东海景大两房,1
集美海上五月花精装修边套大三房,1
四房两厅两卫,1
改善复式,1
南北正规两房,1
家具电齐.,1
光充足。有二次装修,1
采,1
看中庭侧面看海,1
户型房子,1
中南九锦台,1
门口风景湖,1
复式楼,1
看房有锁,1
单价41990元,1
brt龙山桥站,1
近地铁和招商花园城的高层精装两房只有契税现买现住,1
买入即入住,1
改好2房,1
建发管理,1
沧二小区,1
精装大2房视野看海,1
楼栋位置安静,1
特房银溪墅府二期,1
莲花路口,1
兴港花园三期朝中庭,1
随时看房空户空xue位,1
自住配置,1
建发央著一期,1
业主换房诚意出售,1
摩登时代,1
开发商精装修三房,1
建发海玥和鸣,1
视野开阔.,1
住在公园里的房子,1
看湖景边套,1
小三房户型,1
怡家园物业,1
低总价单身公寓有燃气入户业主诚售,1
滨北08年花园小区,1
朝东南采光好,1
此房精装五房,1
正中庭精装两房,1
上新！瑞景新村,1
全新没住过,1
东边套精装三房两卫,1
地铁站水晶尚庭精装三房未入住过格局采光好,1
楼梯边套靠里面一排安静精装3张床7米衣柜没占用可度书,1
刚需上车shou选,1
中联b.r.t品质好房,1
1梯两户,1
地铁站康乐新村东区,1
松柏小户型,1
社区新,1
刚需家庭,1
高层全湖景公摊小好房楼下带房间复式层高3米,1
二期安静楼栋,1
景观漂亮,1
花园式园林小区,1
带精装修,1
莲岳里小户型,1
邮轮城二期,1
二号线地铁口邮轮城站,1
厦鼓码头,1
保利叁仟栋,1
保养用心,1
中庭楼芯,1
环东海域正规三房三卫出售,1
涵光路,1
低总价一房,1
公园小区,1
高楼层采光好,1
建发央著,1
品质新小区中海杏林鹭湾,1
集美外国语,1
莲花大厦精装三房,1
莱昂公馆,1
3房2厅两卫,1
看山景,1
低总价低单价,1
思明火车站花园小区好楼层全明正规朝南三房停车方便,1
通透大两房,1
有天有地别墅,1
万科白鹭郡,1
景观视野良好,1
高层边套,1
景观很好,1
宽楼距,1
集美新城小高层,1
厦门全新小区建发玺樾精装品质4房.苏州园林沉浸式体验,1
家具家电全有,1
万科精装大2房,1
风景湖旁,1
两室两卫,1
正规3房2卫,1
框架好楼层,1
公园道朝南格局改三房业主居家精装诚意出售,1
南山新村,1
地铁三号线旁,1
户型反正,1
拎包入住的,1
真正精装,1
01年电梯房,1
学府林立,1
21年新装,1
居住环境舒适,1
楼层好视野宽阔,1
此房朝南通透格局,1
主卧带阳台,1
客厅,1
中梁正荣府,1
近莲坂地铁,1
小区刚刚改造过,1
国贸商城同悦,1
看九天湖,1
中航城c区3房2厅2卫2阳台,1
前后看中庭,1
新装电梯,1
采光通透好,1
楼中楼高得房率,1
复式四房,1
中层精装2房,1
翔鹭花城,1
首开龙湖春江彼岸一期,1
深田路,1
青春海岸大三房两卫,1
安静不靠主路,1
地铁口正规南北大三房,1
双阳台南北全明格局2房,1
200米1号地铁口,1
可直接拎包入住。,1
业主二次精装30万,1
马銮湾1号,1
中铁诺德逸都,1
集美新城轻奢风格装修朝南三房两卫急售,1
选,1
刚需首,1
维多利亚精装,1
通透户型拎包入住,1
精致大三房,1
业主六千一平装修配套齐全完善,1
05年电梯高层视野开阔,1
思明区上东美地4房出售,1
桃源大厦,1
低总价入厦刚需,1
3房2厅2卫,1
翔安隧道口精致大三房,1
物业管理也很规范,1
小区绿化好,1
业主精装两房,1
二梯五户,1
急售急售急售,1
进岛首站,1
