title,url,total_price,unit_price,follower
坐拥双地铁口 模范小区三房南北通透双阳台拎包入住,https://xm.lianjia.com/ershoufang/105120316923.html,498,"42,308元/平",0人关注
杏林桥头靠海精装小3房，交通便利 配套设施齐全,https://xm.lianjia.com/ershoufang/105117819945.html,198,"21,816元/平",5人关注
边套大四房，东南向看小区中庭，安静不吵,https://xm.lianjia.com/ershoufang/105119915859.html,208,"16,780元/平",1人关注
西郭新村正规朝南两房，南北通透，业主诚意出售,https://xm.lianjia.com/ershoufang/105116056026.html,239,"31,092元/平",0人关注
莲岳里小区东区 2室1厅 南 北,https://xm.lianjia.com/ershoufang/105119445734.html,318,"44,726元/平",0人关注
,https://xm.lianjia.com/ershoufang/goodhouse/,,,
外滩边套中庭安静位置 房子保养很好 拎包入住,https://xm.lianjia.com/ershoufang/105120171701.html,780,"71,058元/平",0人关注
前埔南区文兴东二里 2室2厅 南 北,https://xm.lianjia.com/ershoufang/105120580014.html,198,"29,264元/平",0人关注
莲花三村香秀里  2房1厅  南北向  自住装修  中楼层,https://xm.lianjia.com/ershoufang/105120367354.html,272,"34,672元/平",0人关注
滨北建业地铁口，16年次新房，正规一房，诚意出售,https://xm.lianjia.com/ershoufang/105120007317.html,242,"42,848元/平",1人关注
莲花新城一期  高楼层 自住精装小三房 保养好,https://xm.lianjia.com/ershoufang/105120732125.html,255,"28,540元/平",0人关注
看江头公园湖景的住宅房、挑高5米做到3房2厅2卫,https://xm.lianjia.com/ershoufang/105116934702.html,268,"56,768元/平",2人关注
翔安桥头，自住大两房户型，开发商精装,https://xm.lianjia.com/ershoufang/105117274934.html,118.6,"13,872元/平",6人关注
城南快速公交旁   位置不错  配套齐全  交通便利,https://xm.lianjia.com/ershoufang/105118301136.html,120,"15,630元/平",2人关注
当代天境 高层看海景 带环形大阳台 精装修 可拎包入住,https://xm.lianjia.com/ershoufang/105118491170.html,1988,"96,609元/平",14人关注
乐活小镇精装单身公寓出售  可直接拎包入住,https://xm.lianjia.com/ershoufang/105118507811.html,55,"12,951元/平",2人关注
地铁站口 精装大三房 振兴小区旁 诚意价78万,https://xm.lianjia.com/ershoufang/105120604904.html,79,"7,856元/平",0人关注
城北新村，2房半，有钥匙，随时看房，。,https://xm.lianjia.com/ershoufang/105116288936.html,68,"8,220元/平",2人关注
出门就是地铁口 温馨三房 楼层好 采光好 交通便利,https://xm.lianjia.com/ershoufang/105114337629.html,188,"25,807元/平",6人关注
绿苑新城，中楼层精装修三房，位置好采光佳,https://xm.lianjia.com/ershoufang/105119705034.html,389,"31,901元/平",0人关注
建发象屿观云旁 封闭的小区 安静舒适大两房天然氧吧,https://xm.lianjia.com/ershoufang/105119978464.html,258,"27,941元/平",0人关注
乐活小镇正规三房出售 房东因置换出售,https://xm.lianjia.com/ershoufang/105118949383.html,120,"13,591元/平",0人关注
大3房2卫2阳台，装修保养好，看房方便有锁,https://xm.lianjia.com/ershoufang/105120726980.html,168,"15,137元/平",0人关注
樾琴湾二期，高层精装3房2卫，可看海景，彩虹跑道旁,https://xm.lianjia.com/ershoufang/105117971418.html,255,"29,047元/平",1人关注
瑞景精装正规单身公寓，空户，拎包入住,https://xm.lianjia.com/ershoufang/105119824695.html,135,"52,509元/平",0人关注
吕厝双地铁口，自住精装三房采光通风好厅带阳台朝南。,https://xm.lianjia.com/ershoufang/105120639425.html,299,"32,825元/平",0人关注
框架结构，采光好，仙岳山脚下， 近地铁口,https://xm.lianjia.com/ershoufang/105119852131.html,198,"27,390元/平",0人关注
鹭江新城 大平层 南北通透 电梯高层,https://xm.lianjia.com/ershoufang/105120608037.html,666,"42,211元/平",0人关注
海上世界旁，南北通透，厅带阳台朝南、安静不吵,https://xm.lianjia.com/ershoufang/105120805294.html,208,"19,782元/平",0人关注
筼筜湖畔，封闭小区，3房2厅1卫，南北向，双地铁口,https://xm.lianjia.com/ershoufang/105120541905.html,349,"38,826元/平",1人关注
建发花园，朝南户型，格局好，采光明亮，日照充足。,https://xm.lianjia.com/ershoufang/105119388020.html,280,"30,645元/平",0人关注
阳光城翡丽湾一期 2室1厅 南,https://xm.lianjia.com/ershoufang/105120806829.html,146,"20,315元/平",0人关注
禾祥西故宫新城精装修三面采光框架结构,https://xm.lianjia.com/ershoufang/105120882871.html,298,"44,227元/平",0人关注
台湾街挑高3.6米电梯楼带精装修,https://xm.lianjia.com/ershoufang/105120586718.html,88,"13,828元/平",1人关注
05年小区带露台，一梯两户，地铁江头站好楼层、大两房,https://xm.lianjia.com/ershoufang/105120746551.html,206,"33,045元/平",2人关注
白鹭洲公园 筼筜湖旁 电梯三房,https://xm.lianjia.com/ershoufang/105120821994.html,399,"45,357元/平",0人关注
联发欣悦湾  中间套，精装修 业主自住的，看房方便。,https://xm.lianjia.com/ershoufang/105120747186.html,640,"34,745元/平",1人关注
海沧建发低门槛入手，北附在旁，全屋精装可拎包入住,https://xm.lianjia.com/ershoufang/105120748888.html,208,"23,884元/平",0人关注
禹洲大学城精装三房业主诚意出售户数小不拥挤,https://xm.lianjia.com/ershoufang/105120825808.html,145,"14,834元/平",0人关注
全新未入住装修 业主换房 诚意出售,https://xm.lianjia.com/ershoufang/105120817976.html,179,"21,515元/平",1人关注
南北双阳台，低楼层，精装大四房,https://xm.lianjia.com/ershoufang/105120747398.html,360,"35,932元/平",0人关注
南部新城上叠，边套，满2.精装,https://xm.lianjia.com/ershoufang/105120813596.html,486,"36,348元/平",1人关注
海峡国际天璟，封闭式小区，物管好。高层视野景观好,https://xm.lianjia.com/ershoufang/105120475145.html,558,"50,654元/平",0人关注
刚需好房，随时可看，欢迎咨询，高层无遮挡哦,https://xm.lianjia.com/ershoufang/105120828900.html,85,"15,291元/平",0人关注
【优选】成熟小区、进岛便利、两梯三户、毛坯千里挑一,https://xm.lianjia.com/ershoufang/105119072193.html,210,"16,868元/平",4人关注
禹洲中央海岸一期 3室2厅 东南 南,https://xm.lianjia.com/ershoufang/105119728017.html,339,"24,718元/平",0人关注
前埔南区古楼北里3房2厅诚意出售,https://xm.lianjia.com/ershoufang/105119810781.html,285,"32,888元/平",0人关注
拎包入住 实木精装三房 满五且一  槟榔 商圈成熟,https://xm.lianjia.com/ershoufang/105119894794.html,318,"35,607元/平",3人关注
楼层开阔，采光好，得房率高，三方两卫,https://xm.lianjia.com/ershoufang/105119954657.html,132,"13,831元/平",0人关注
地铁口中海寰宇天下大四房看海南北通透看房方便,https://xm.lianjia.com/ershoufang/105119637726.html,330,"23,987元/平",2人关注
恒大帝景 3室2厅 南 北,https://xm.lianjia.com/ershoufang/105119959591.html,325,"27,457元/平",0人关注
江头站地铁口精装修2房1厅拎包入住,https://xm.lianjia.com/ershoufang/105119845205.html,180,"23,598元/平",1人关注
文灶地铁口 汇丰家园 电梯小洋房 全明精装3房 双阳台,https://xm.lianjia.com/ershoufang/105118914642.html,690,"53,485元/平",2人关注
瑞景 前埔北区一里 三面采光 厅带阳台朝南 精装三房,https://xm.lianjia.com/ershoufang/105118615760.html,338,"35,323元/平",3人关注
银华新村 2室1厅 南,https://xm.lianjia.com/ershoufang/105118578892.html,43,"8,174元/平",0人关注
夏商安静位置，大三房两卫，精装修。,https://xm.lianjia.com/ershoufang/105118966872.html,210,"17,218元/平",0人关注
保利二期复式，海景很漂亮 使用面积大 看房方便,https://xm.lianjia.com/ershoufang/105118004553.html,309,"24,824元/平",2人关注
思北 湖滨西路 嘉美花园旁 低总价一房,https://xm.lianjia.com/ershoufang/105119029779.html,118,"47,812元/平",1人关注
朝南大三房 15年次新房 带大阳台,https://xm.lianjia.com/ershoufang/105118940858.html,438,"37,969元/平",1人关注
公园门口的家东南北高层全明满五,https://xm.lianjia.com/ershoufang/105118835749.html,418,"34,503元/平",1人关注
华永天地,https://xm.lianjia.com/ershoufang/105119970983.html,129,"27,401元/平",2人关注
第四代住宅，增颂16个平方，三房朝南看湖都带阳台,https://xm.lianjia.com/ershoufang/105119902499.html,299,"28,168元/平",0人关注
松柏精装三房，小区可停车，配套齐全 ，交通便利,https://xm.lianjia.com/ershoufang/105120571613.html,248,"39,649元/平",2人关注
国贸天琴海 4室2厅 南 北,https://xm.lianjia.com/ershoufang/105120505359.html,698,"56,684元/平",1人关注
火车站 次新楼盘 顶楼带30平露台 精装修四房 采光好,https://xm.lianjia.com/ershoufang/105116609789.html,558,"43,889元/平",7人关注
博士为名，教育在邻，一梯两户，南北朝向，全明格局,https://xm.lianjia.com/ershoufang/105116418115.html,168,"23,527元/平",6人关注
格局好。精装修边套3房2卫，楼层高，视野采光好,https://xm.lianjia.com/ershoufang/105112715808.html,229,"22,866元/平",1人关注
嘉庚体育馆边套南北三面采光，中层无遮挡视线，精装修,https://xm.lianjia.com/ershoufang/105119333190.html,188,"16,334元/平",3人关注
全明户型，楼层好，边套，70年产权商品房,https://xm.lianjia.com/ershoufang/105119402090.html,75,"14,027元/平",5人关注
禾祥西花园小区 精装修 南北三房 拎包入住,https://xm.lianjia.com/ershoufang/105120044988.html,446,"38,373元/平",3人关注
精装修。多个平台。视野开阔。满五。,https://xm.lianjia.com/ershoufang/105120593988.html,366,"52,085元/平",1人关注
松柏  装修好小清新2房  楼层适中 莲岳里西区,https://xm.lianjia.com/ershoufang/105119610252.html,293,"36,205元/平",1人关注
2号地铁口次新房 南北通透 电梯高层 户型方正看中庭,https://xm.lianjia.com/ershoufang/105116632554.html,388,"62,041元/平",1人关注
旺家好房边户中层，外阳台全新未入住,https://xm.lianjia.com/ershoufang/105120517670.html,238,"22,521元/平",0人关注
达嘉馨园 2室1厅 东 西,https://xm.lianjia.com/ershoufang/105119388404.html,174.9,"26,533元/平",2人关注
房格局方正， 精装修拎包入住， 近地铁口,https://xm.lianjia.com/ershoufang/105116480792.html,148,"32,077元/平",2人关注
高层看湖景 东南三房新装修视野开阔户型方正采光好,https://xm.lianjia.com/ershoufang/105118866089.html,560,"43,529元/平",1人关注
火车站商圈 思明区中 心地段 周 边配套齐全 交通便利,https://xm.lianjia.com/ershoufang/105120622623.html,199,"35,184元/平",1人关注
莲花 06年框架 鸿禧花园  无按揭  急售 人车分流,https://xm.lianjia.com/ershoufang/105120456282.html,269,"33,120元/平",0人关注
精装修！采光好看中庭，安静不临街，总价低！,https://xm.lianjia.com/ershoufang/105120256592.html,69,"19,253元/平",3人关注
此房满2年，全新未入住，带大露台,https://xm.lianjia.com/ershoufang/105110332375.html,276,"27,327元/平",1人关注
满五多年，业主自住装修，诚意出售,https://xm.lianjia.com/ershoufang/105119655166.html,299,"57,689元/平",0人关注
嘉盛豪园电梯高层朝南两房改三房视野开阔,https://xm.lianjia.com/ershoufang/105119518461.html,338,"37,070元/平",1人关注
精装万寿新城 04年框架花园小区  房东诚意出售 采光好,https://xm.lianjia.com/ershoufang/105120536693.html,358,"51,246元/平",0人关注
东晖广场 枋湖 精装修 拎包入住 户型方正 便宜 税少,https://xm.lianjia.com/ershoufang/105120201750.html,178,"36,386元/平",0人关注
万象城旁地铁口，花园式小区，南北通透全明大三房,https://xm.lianjia.com/ershoufang/105120120501.html,636,"50,917元/平",0人关注
火车站封闭式花园小区   2017年次新房   业主诚意出售,https://xm.lianjia.com/ershoufang/105120662965.html,218,"41,288元/平",0人关注
精装3房2卫，商品房 无出让金，通透户型，中楼层,https://xm.lianjia.com/ershoufang/105119521012.html,258,"36,216元/平",3人关注
宝龙一城 配套丰富 交通便利 ，挑高5米,https://xm.lianjia.com/ershoufang/105107592484.html,198,"16,876元/平",5人关注
此房满五年，南面无遮挡，一梯两户，视野好，中庭安静,https://xm.lianjia.com/ershoufang/105120485772.html,339,"35,166元/平",0人关注
乐海旁地铁口，BRT朝南居家电梯大两房，业主诚意出售,https://xm.lianjia.com/ershoufang/105120059918.html,118,"14,345元/平",1人关注
新港龙花园 带入户花园8平方 门口大露台100平方,https://xm.lianjia.com/ershoufang/105118929606.html,458,"36,591元/平",2人关注
【店长主推】高层海景房，奥特莱斯旁，厦金大桥进岛快,https://xm.lianjia.com/ershoufang/105115820866.html,150,"17,372元/平",2人关注
龙湖春江彼岸 精装三房 朝南 高层,https://xm.lianjia.com/ershoufang/105119542288.html,172,"19,436元/平",2人关注
首付不高适合首付不多的小两口和三口之家带电梯,https://xm.lianjia.com/ershoufang/105120749686.html,109,"18,080元/平",0人关注
建发文澜春晓忍痛割爱三房全明户型洋房,https://xm.lianjia.com/ershoufang/105120752983.html,252,"28,372元/平",0人关注
绿苑新城三期，3+1房，拎包入住。视野无遮挡！,https://xm.lianjia.com/ershoufang/105120283440.html,439,"37,150元/平",1人关注
松柏公园在家门口，精装大二房二厅 视野开阔 南北空户,https://xm.lianjia.com/ershoufang/105120730520.html,260,"35,069元/平",0人关注
环东海域 特房银溪图尔花园 边套三房两卫,https://xm.lianjia.com/ershoufang/105120086233.html,226,"21,209元/平",0人关注
一梯两户小两房，房型方正，坐北朝南，公摊小。,https://xm.lianjia.com/ershoufang/105120063128.html,139,"23,163元/平",1人关注
南北通透三房，中庭位置，厅带阳台朝南,https://xm.lianjia.com/ershoufang/105120568298.html,278,"29,874元/平",1人关注
湖滨南，中山医院旁，居家精装修，可以拎包入住！,https://xm.lianjia.com/ershoufang/105112170169.html,498,"39,093元/平",4人关注
槟榔筼筜湖。门槛就在这里筼筜湖槟榔,https://xm.lianjia.com/ershoufang/105120156913.html,190,"49,441元/平",1人关注
万象城火车站商圈，视野开阔，交通便利，生活设施配套,https://xm.lianjia.com/ershoufang/105119768629.html,698,"47,393元/平",1人关注
东方巴黎广场三期丨电梯高层大四房丨岛芯区丨匠心筑家,https://xm.lianjia.com/ershoufang/105120294090.html,699,"37,711元/平",0人关注
樾琴湾二期，高层精装3房2卫，可看海景，彩虹跑道旁,https://xm.lianjia.com/ershoufang/105117971418.html,255,"29,047元/平",1人关注
近湿地公园 正规四房两卫  户型方正  南北通透,https://xm.lianjia.com/ershoufang/105120614066.html,699,"55,257元/平",2人关注
建发花园，朝南户型，格局好，采光明亮，日照充足。,https://xm.lianjia.com/ershoufang/105119388020.html,280,"30,645元/平",0人关注
中山路电梯精装修2房，单排通透 采光好，拎包入住,https://xm.lianjia.com/ershoufang/105118684943.html,219,"50,648元/平",1人关注
此房改三房户型电梯05年建成全明格局生活便利出行方便,https://xm.lianjia.com/ershoufang/105115560000.html,448,"54,535元/平",6人关注
瑞景精装正规单身公寓，空户，拎包入住,https://xm.lianjia.com/ershoufang/105119824695.html,135,"52,509元/平",0人关注
BRT二市站旁 后江埭 安静小区 轻松改成两房,https://xm.lianjia.com/ershoufang/105120091294.html,175,"34,047元/平",1人关注
2010年框架房，独立小区，难得的两房,https://xm.lianjia.com/ershoufang/105116051587.html,218,"35,797元/平",2人关注
直面看湖景 方正户型 大4房 位置安静 诚意出售,https://xm.lianjia.com/ershoufang/105119803775.html,430,"26,376元/平",2人关注
筼筜湖畔，封闭小区，3房2厅1卫，南北向，双地铁口,https://xm.lianjia.com/ershoufang/105120541905.html,349,"38,826元/平",1人关注
天湖城 阿罗海 精装修 南北 拎包入住，位置安静,https://xm.lianjia.com/ershoufang/105117705462.html,319,"23,720元/平",1人关注
星园美第，朝南向，采光好，看中庭,https://xm.lianjia.com/ershoufang/105120267180.html,172,"20,066元/平",0人关注
鹭江新城 大平层 南北通透 电梯高层,https://xm.lianjia.com/ershoufang/105120608037.html,666,"42,211元/平",0人关注
吕厝双地铁口，自住精装三房采光通风好厅带阳台朝南。,https://xm.lianjia.com/ershoufang/105120639425.html,299,"32,825元/平",0人关注
海上世界旁，南北通透，厅带阳台朝南、安静不吵,https://xm.lianjia.com/ershoufang/105120805294.html,208,"19,782元/平",0人关注
小区绿化好管理好 房子户型方正 且有电梯小高层,https://xm.lianjia.com/ershoufang/105119783870.html,196,"27,039元/平",3人关注
福满园精装三房两厅 南北通透采光好,https://xm.lianjia.com/ershoufang/105120735897.html,338,"35,275元/平",1人关注
此房位置好，小区中庭，三面采光，视野开阔。,https://xm.lianjia.com/ershoufang/105120662979.html,248,"27,769元/平",0人关注
出门就是地铁口 温馨三房 楼层好 采光好 交通便利,https://xm.lianjia.com/ershoufang/105114337629.html,188,"25,807元/平",6人关注
地铁站口 精装大三房 振兴小区旁 诚意价78万,https://xm.lianjia.com/ershoufang/105120604904.html,79,"7,856元/平",0人关注
前埔南区文兴东二里 2室2厅 南 北,https://xm.lianjia.com/ershoufang/105120580014.html,198,"29,264元/平",0人关注
外滩边套中庭安静位置 房子保养很好 拎包入住,https://xm.lianjia.com/ershoufang/105120171701.html,780,"71,058元/平",0人关注
滨北建业地铁口，16年次新房，正规一房，诚意出售,https://xm.lianjia.com/ershoufang/105120007317.html,242,"42,848元/平",1人关注
莲花三村香秀里  2房1厅  南北向  自住装修  中楼层,https://xm.lianjia.com/ershoufang/105120367354.html,272,"34,672元/平",0人关注
莲花新城一期  高楼层 自住精装小三房 保养好,https://xm.lianjia.com/ershoufang/105120732125.html,255,"28,540元/平",0人关注
城南快速公交旁   位置不错  配套齐全  交通便利,https://xm.lianjia.com/ershoufang/105118301136.html,120,"15,630元/平",2人关注
当代天境 高层看海景 带环形大阳台 精装修 可拎包入住,https://xm.lianjia.com/ershoufang/105118491170.html,1988,"96,609元/平",14人关注
绿苑新城，中楼层精装修三房，位置好采光佳,https://xm.lianjia.com/ershoufang/105119705034.html,389,"31,901元/平",0人关注
乐活小镇精装单身公寓出售  可直接拎包入住,https://xm.lianjia.com/ershoufang/105118507811.html,55,"12,951元/平",2人关注
坐拥双地铁口 模范小区三房南北通透双阳台拎包入住,https://xm.lianjia.com/ershoufang/105120316923.html,498,"42,308元/平",0人关注
建发象屿观云旁 封闭的小区 安静舒适大两房天然氧吧,https://xm.lianjia.com/ershoufang/105119978464.html,258,"27,941元/平",0人关注
边套大四房，东南向看小区中庭，安静不吵,https://xm.lianjia.com/ershoufang/105119915859.html,208,"16,780元/平",1人关注
城北新村，2房半，有钥匙，随时看房，。,https://xm.lianjia.com/ershoufang/105116288936.html,68,"8,220元/平",2人关注
翔安桥头，自住大两房户型，开发商精装,https://xm.lianjia.com/ershoufang/105117274934.html,118.6,"13,872元/平",6人关注
看江头公园湖景的住宅房、挑高5米做到3房2厅2卫,https://xm.lianjia.com/ershoufang/105116934702.html,268,"56,768元/平",2人关注
莲岳里小区东区 2室1厅 南 北,https://xm.lianjia.com/ershoufang/105119445734.html,318,"44,726元/平",0人关注
西郭新村正规朝南两房，南北通透，业主诚意出售,https://xm.lianjia.com/ershoufang/105116056026.html,239,"31,092元/平",0人关注
杏林桥头靠海精装小3房，交通便利 配套设施齐全,https://xm.lianjia.com/ershoufang/105117819945.html,198,"21,816元/平",5人关注
乐活小镇正规三房出售 房东因置换出售,https://xm.lianjia.com/ershoufang/105118949383.html,120,"13,591元/平",0人关注
南北通透2房 精装修 业主自主 低楼层 换房诚意出售！,https://xm.lianjia.com/ershoufang/105116364569.html,335,"52,973元/平",7人关注
莲花地铁   花园小区  华天花园,https://xm.lianjia.com/ershoufang/105119600045.html,179,"39,445元/平",0人关注
地铁口正规两房南北通透全明格局客厅带阳台朝南,https://xm.lianjia.com/ershoufang/105120435733.html,195,"33,569元/平",2人关注
禾祥西、文灶、楼中楼高层精装、户型实用、5房3卫,https://xm.lianjia.com/ershoufang/105119175720.html,1320,"64,438元/平",2人关注
富山花园罗马假日 3室2厅 南,https://xm.lianjia.com/ershoufang/105120777029.html,425,"42,251元/平",0人关注
思北2004年花园小区  华侨海景城 人车分流 居家装修,https://xm.lianjia.com/ershoufang/105120524549.html,813,"57,623元/平",0人关注
尊海 罗马柱外阳台 东南3房2卫 精装拎包入住,https://xm.lianjia.com/ershoufang/105120653478.html,255,"27,967元/平",0人关注
